# ************************************************************
# Sequel Pro SQL dump
# Version 4096
#
# http://www.sequelpro.com/
# http://code.google.com/p/sequel-pro/
#
# Hôte: localhost (MySQL 5.5.25)
# Base de données: cpd
# Temps de génération: 2013-09-17 12:45:46 +0000
# ************************************************************


/*!40101 SET @OLD_CHARACTER_SET_CLIENT=@@CHARACTER_SET_CLIENT */;
/*!40101 SET @OLD_CHARACTER_SET_RESULTS=@@CHARACTER_SET_RESULTS */;
/*!40101 SET @OLD_COLLATION_CONNECTION=@@COLLATION_CONNECTION */;
/*!40101 SET NAMES utf8 */;
/*!40014 SET @OLD_FOREIGN_KEY_CHECKS=@@FOREIGN_KEY_CHECKS, FOREIGN_KEY_CHECKS=0 */;
/*!40101 SET @OLD_SQL_MODE=@@SQL_MODE, SQL_MODE='NO_AUTO_VALUE_ON_ZERO' */;
/*!40111 SET @OLD_SQL_NOTES=@@SQL_NOTES, SQL_NOTES=0 */;


# Affichage de la table AS_ANNOUNCES_COMMENTS
# ------------------------------------------------------------

DROP TABLE IF EXISTS `AS_ANNOUNCES_COMMENTS`;

CREATE TABLE `AS_ANNOUNCES_COMMENTS` (
  `ANNOUNCE_ID` bigint(20) NOT NULL,
  `COMMENT_ID` bigint(20) NOT NULL,
  UNIQUE KEY `COMMENT_ID` (`COMMENT_ID`),
  KEY `FKA4219EB652926B47` (`ANNOUNCE_ID`),
  KEY `FKA4219EB6B3AD298D` (`COMMENT_ID`),
  CONSTRAINT `FKA4219EB652926B47` FOREIGN KEY (`ANNOUNCE_ID`) REFERENCES `T_ANNOUNCES` (`id`),
  CONSTRAINT `FKA4219EB6B3AD298D` FOREIGN KEY (`COMMENT_ID`) REFERENCES `T_COMMENTS` (`id`)
) ENGINE=InnoDB DEFAULT CHARSET=utf8;



# Affichage de la table AS_ARTICLES_COMMENTS
# ------------------------------------------------------------

DROP TABLE IF EXISTS `AS_ARTICLES_COMMENTS`;

CREATE TABLE `AS_ARTICLES_COMMENTS` (
  `ARTICLE_ID` bigint(20) NOT NULL,
  `COMMENT_ID` bigint(20) NOT NULL,
  UNIQUE KEY `COMMENT_ID` (`COMMENT_ID`),
  KEY `FK2B2E7AE9239D0E2D` (`ARTICLE_ID`),
  KEY `FK2B2E7AE9B3AD298D` (`COMMENT_ID`),
  CONSTRAINT `FK2B2E7AE9239D0E2D` FOREIGN KEY (`ARTICLE_ID`) REFERENCES `T_ARTICLES` (`id`),
  CONSTRAINT `FK2B2E7AE9B3AD298D` FOREIGN KEY (`COMMENT_ID`) REFERENCES `T_COMMENTS` (`id`)
) ENGINE=InnoDB DEFAULT CHARSET=utf8;

LOCK TABLES `AS_ARTICLES_COMMENTS` WRITE;
/*!40000 ALTER TABLE `AS_ARTICLES_COMMENTS` DISABLE KEYS */;

INSERT INTO `AS_ARTICLES_COMMENTS` (`ARTICLE_ID`, `COMMENT_ID`)
VALUES
	(1,2),
	(2,1);

/*!40000 ALTER TABLE `AS_ARTICLES_COMMENTS` ENABLE KEYS */;
UNLOCK TABLES;


# Affichage de la table AS_CVS_LANGUAGES
# ------------------------------------------------------------

DROP TABLE IF EXISTS `AS_CVS_LANGUAGES`;

CREATE TABLE `AS_CVS_LANGUAGES` (
  `CV_ID` bigint(20) NOT NULL,
  `LANGUAGE_ID` bigint(20) NOT NULL,
  UNIQUE KEY `LANGUAGE_ID` (`LANGUAGE_ID`),
  KEY `FK2971B36FDBD2534C` (`CV_ID`),
  KEY `FK2971B36FE26F8FAC` (`LANGUAGE_ID`),
  CONSTRAINT `FK2971B36FDBD2534C` FOREIGN KEY (`CV_ID`) REFERENCES `T_CVS` (`id`),
  CONSTRAINT `FK2971B36FE26F8FAC` FOREIGN KEY (`LANGUAGE_ID`) REFERENCES `T_LANGUAGES` (`id`)
) ENGINE=InnoDB DEFAULT CHARSET=utf8;

LOCK TABLES `AS_CVS_LANGUAGES` WRITE;
/*!40000 ALTER TABLE `AS_CVS_LANGUAGES` DISABLE KEYS */;

INSERT INTO `AS_CVS_LANGUAGES` (`CV_ID`, `LANGUAGE_ID`)
VALUES
	(121,4),
	(144,1),
	(144,2),
	(144,6);

/*!40000 ALTER TABLE `AS_CVS_LANGUAGES` ENABLE KEYS */;
UNLOCK TABLES;


# Affichage de la table AS_DENDRITES_POSTES
# ------------------------------------------------------------

DROP TABLE IF EXISTS `AS_DENDRITES_POSTES`;

CREATE TABLE `AS_DENDRITES_POSTES` (
  `DENDRITE_ID` bigint(20) NOT NULL,
  `POSTE_ID` bigint(20) NOT NULL,
  KEY `FK18FAB586EBA3847E` (`DENDRITE_ID`),
  KEY `FK18FAB586B9253C82` (`POSTE_ID`),
  CONSTRAINT `FK18FAB586B9253C82` FOREIGN KEY (`POSTE_ID`) REFERENCES `T_POSTES` (`id`),
  CONSTRAINT `FK18FAB586EBA3847E` FOREIGN KEY (`DENDRITE_ID`) REFERENCES `T_DENDRITES` (`id`)
) ENGINE=InnoDB DEFAULT CHARSET=utf8;

LOCK TABLES `AS_DENDRITES_POSTES` WRITE;
/*!40000 ALTER TABLE `AS_DENDRITES_POSTES` DISABLE KEYS */;

INSERT INTO `AS_DENDRITES_POSTES` (`DENDRITE_ID`, `POSTE_ID`)
VALUES
	(2,1),
	(2,2),
	(2,4),
	(2,5),
	(2,6),
	(2,7),
	(4,1),
	(4,2),
	(4,4),
	(4,5),
	(4,6),
	(4,7),
	(5,1),
	(5,2),
	(5,4),
	(5,5),
	(5,6),
	(5,7),
	(1,9),
	(1,1),
	(1,2),
	(1,4),
	(1,5),
	(1,6),
	(1,7);

/*!40000 ALTER TABLE `AS_DENDRITES_POSTES` ENABLE KEYS */;
UNLOCK TABLES;


# Affichage de la table AS_EVENTS_COMMENTS
# ------------------------------------------------------------

DROP TABLE IF EXISTS `AS_EVENTS_COMMENTS`;

CREATE TABLE `AS_EVENTS_COMMENTS` (
  `EVENT_ID` bigint(20) NOT NULL,
  `COMMENT_ID` bigint(20) NOT NULL,
  UNIQUE KEY `COMMENT_ID` (`COMMENT_ID`),
  KEY `FK9E52904D81DE9749` (`EVENT_ID`),
  KEY `FK9E52904DB3AD298D` (`COMMENT_ID`),
  CONSTRAINT `FK9E52904D81DE9749` FOREIGN KEY (`EVENT_ID`) REFERENCES `T_EVENTS` (`id`),
  CONSTRAINT `FK9E52904DB3AD298D` FOREIGN KEY (`COMMENT_ID`) REFERENCES `T_COMMENTS` (`id`)
) ENGINE=InnoDB DEFAULT CHARSET=utf8;



# Affichage de la table AS_POSTES_ROLES
# ------------------------------------------------------------

DROP TABLE IF EXISTS `AS_POSTES_ROLES`;

CREATE TABLE `AS_POSTES_ROLES` (
  `POSTE_ID` bigint(20) NOT NULL,
  `ROLE_ID` bigint(20) NOT NULL,
  KEY `FK8FB3FB59A1E94B1E` (`ROLE_ID`),
  KEY `FK8FB3FB59B9253C82` (`POSTE_ID`),
  CONSTRAINT `FK8FB3FB59A1E94B1E` FOREIGN KEY (`ROLE_ID`) REFERENCES `T_ROLES` (`id`),
  CONSTRAINT `FK8FB3FB59B9253C82` FOREIGN KEY (`POSTE_ID`) REFERENCES `T_POSTES` (`id`)
) ENGINE=InnoDB DEFAULT CHARSET=utf8;

LOCK TABLES `AS_POSTES_ROLES` WRITE;
/*!40000 ALTER TABLE `AS_POSTES_ROLES` DISABLE KEYS */;

INSERT INTO `AS_POSTES_ROLES` (`POSTE_ID`, `ROLE_ID`)
VALUES
	(1,3);

/*!40000 ALTER TABLE `AS_POSTES_ROLES` ENABLE KEYS */;
UNLOCK TABLES;


# Affichage de la table AS_POSTES_USERS
# ------------------------------------------------------------

DROP TABLE IF EXISTS `AS_POSTES_USERS`;

CREATE TABLE `AS_POSTES_USERS` (
  `POSTE_ID` bigint(20) NOT NULL,
  `USER_ID` bigint(20) NOT NULL,
  KEY `FK8FDFFAA447140EFE` (`USER_ID`),
  KEY `FK8FDFFAA4B9253C82` (`POSTE_ID`),
  CONSTRAINT `FK8FDFFAA447140EFE` FOREIGN KEY (`USER_ID`) REFERENCES `T_USERS` (`id`),
  CONSTRAINT `FK8FDFFAA4B9253C82` FOREIGN KEY (`POSTE_ID`) REFERENCES `T_POSTES` (`id`)
) ENGINE=InnoDB DEFAULT CHARSET=utf8;



# Affichage de la table AS_ROLES_RIGHTS
# ------------------------------------------------------------

DROP TABLE IF EXISTS `AS_ROLES_RIGHTS`;

CREATE TABLE `AS_ROLES_RIGHTS` (
  `ROLE_ID` bigint(20) NOT NULL,
  `RIGHT_ID` bigint(20) NOT NULL,
  KEY `FK537C64A6A1E94B1E` (`ROLE_ID`),
  KEY `FK537C64A655835B96` (`RIGHT_ID`),
  CONSTRAINT `FK537C64A655835B96` FOREIGN KEY (`RIGHT_ID`) REFERENCES `T_RIGHTS` (`id`),
  CONSTRAINT `FK537C64A6A1E94B1E` FOREIGN KEY (`ROLE_ID`) REFERENCES `T_ROLES` (`id`)
) ENGINE=InnoDB DEFAULT CHARSET=utf8;

LOCK TABLES `AS_ROLES_RIGHTS` WRITE;
/*!40000 ALTER TABLE `AS_ROLES_RIGHTS` DISABLE KEYS */;

INSERT INTO `AS_ROLES_RIGHTS` (`ROLE_ID`, `RIGHT_ID`)
VALUES
	(2,26),
	(2,27),
	(2,22),
	(2,23),
	(2,30),
	(2,31),
	(3,30),
	(3,31),
	(3,22),
	(3,23),
	(3,17),
	(3,16),
	(1,32),
	(1,45),
	(1,19),
	(1,46),
	(1,18),
	(1,44),
	(1,13),
	(1,11),
	(1,15),
	(1,36),
	(1,7),
	(1,33),
	(1,4),
	(1,3),
	(1,29),
	(1,25),
	(1,40),
	(1,9),
	(1,35),
	(1,47),
	(1,6),
	(1,2),
	(1,8),
	(1,34),
	(1,48),
	(1,5),
	(1,1),
	(1,12),
	(1,14);

/*!40000 ALTER TABLE `AS_ROLES_RIGHTS` ENABLE KEYS */;
UNLOCK TABLES;


# Affichage de la table AS_USERS_MESSAGES
# ------------------------------------------------------------

DROP TABLE IF EXISTS `AS_USERS_MESSAGES`;

CREATE TABLE `AS_USERS_MESSAGES` (
  `user_id1` bigint(20) NOT NULL,
  `user_id2` bigint(20) NOT NULL,
  `id` bigint(20) DEFAULT NULL,
  `CREATED` datetime DEFAULT NULL,
  `MODIFIED` datetime DEFAULT NULL,
  `isRead` bit(1) DEFAULT NULL,
  `modifier_id` bigint(20) DEFAULT NULL,
  PRIMARY KEY (`user_id1`,`user_id2`),
  KEY `FK596A6D70F3D50C72` (`modifier_id`),
  KEY `FK596A6D703FFBF4F2` (`user_id2`),
  KEY `FK596A6D703FFBF4F1` (`user_id1`),
  CONSTRAINT `FK596A6D703FFBF4F1` FOREIGN KEY (`user_id1`) REFERENCES `T_USERS` (`id`),
  CONSTRAINT `FK596A6D703FFBF4F2` FOREIGN KEY (`user_id2`) REFERENCES `T_USERS` (`id`),
  CONSTRAINT `FK596A6D70F3D50C72` FOREIGN KEY (`modifier_id`) REFERENCES `T_USERS` (`id`)
) ENGINE=InnoDB DEFAULT CHARSET=utf8;

LOCK TABLES `AS_USERS_MESSAGES` WRITE;
/*!40000 ALTER TABLE `AS_USERS_MESSAGES` DISABLE KEYS */;

INSERT INTO `AS_USERS_MESSAGES` (`user_id1`, `user_id2`, `id`, `CREATED`, `MODIFIED`, `isRead`, `modifier_id`)
VALUES
	(121,121,NULL,'2013-09-16 20:38:34','2013-09-17 01:36:44',00000001,121),
	(121,144,NULL,'2013-09-16 17:13:14','2013-09-17 01:57:00',00000001,144),
	(122,144,NULL,'2013-09-17 01:31:08','2013-09-17 01:31:08',00000000,144),
	(144,121,NULL,'2013-09-16 17:06:16','2013-09-17 01:57:00',00000001,144),
	(144,122,NULL,'2013-09-16 17:27:32','2013-09-17 01:31:08',00000001,144),
	(144,144,NULL,'2013-09-16 23:36:27','2013-09-16 23:36:31',00000001,144);

/*!40000 ALTER TABLE `AS_USERS_MESSAGES` ENABLE KEYS */;
UNLOCK TABLES;


# Affichage de la table AS_USERS_ROLES
# ------------------------------------------------------------

DROP TABLE IF EXISTS `AS_USERS_ROLES`;

CREATE TABLE `AS_USERS_ROLES` (
  `USER_ID` bigint(20) NOT NULL,
  `ROLE_ID` bigint(20) NOT NULL,
  KEY `FK36732CF9A1E94B1E` (`ROLE_ID`),
  KEY `FK36732CF947140EFE` (`USER_ID`),
  CONSTRAINT `FK36732CF947140EFE` FOREIGN KEY (`USER_ID`) REFERENCES `T_USERS` (`id`),
  CONSTRAINT `FK36732CF9A1E94B1E` FOREIGN KEY (`ROLE_ID`) REFERENCES `T_ROLES` (`id`)
) ENGINE=InnoDB DEFAULT CHARSET=utf8;

LOCK TABLES `AS_USERS_ROLES` WRITE;
/*!40000 ALTER TABLE `AS_USERS_ROLES` DISABLE KEYS */;

INSERT INTO `AS_USERS_ROLES` (`USER_ID`, `ROLE_ID`)
VALUES
	(121,1),
	(144,1);

/*!40000 ALTER TABLE `AS_USERS_ROLES` ENABLE KEYS */;
UNLOCK TABLES;


# Affichage de la table T_ADRESS
# ------------------------------------------------------------

DROP TABLE IF EXISTS `T_ADRESS`;

CREATE TABLE `T_ADRESS` (
  `id` bigint(20) NOT NULL AUTO_INCREMENT,
  `CREATED` datetime DEFAULT NULL,
  `MODIFIED` datetime DEFAULT NULL,
  `ADRESS` varchar(255) DEFAULT NULL,
  `PAYS` varchar(255) DEFAULT NULL,
  `PHONE` varchar(255) DEFAULT NULL,
  `VILLE` varchar(255) DEFAULT NULL,
  `ZIP_CODE` varchar(255) DEFAULT NULL,
  `modifier_id` bigint(20) DEFAULT NULL,
  PRIMARY KEY (`id`),
  KEY `FK2A2248C1F3D50C72` (`modifier_id`),
  CONSTRAINT `FK2A2248C1F3D50C72` FOREIGN KEY (`modifier_id`) REFERENCES `T_USERS` (`id`)
) ENGINE=InnoDB DEFAULT CHARSET=utf8;

LOCK TABLES `T_ADRESS` WRITE;
/*!40000 ALTER TABLE `T_ADRESS` DISABLE KEYS */;

INSERT INTO `T_ADRESS` (`id`, `CREATED`, `MODIFIED`, `ADRESS`, `PAYS`, `PHONE`, `VILLE`, `ZIP_CODE`, `modifier_id`)
VALUES
	(1,'2013-06-29 02:51:59',NULL,'12 Boulevard des maréchaux','France','+33620790921','Palaiseau','91120',NULL),
	(6,'2013-09-10 01:43:04',NULL,'12 Boulevard des maréchaux','France','+33620790921','Palaiseau','91120',NULL),
	(7,'2013-09-10 10:46:45',NULL,'12 Boulevard des maréchaux','France','+33620790921','Palaiseau','91120',NULL),
	(8,'2013-09-10 10:49:10',NULL,'12 Boulevard des maréchaux','France','+33620790921','Palaiseau','91120',NULL),
	(9,'2013-09-10 10:49:52',NULL,'12 Boulevard des maréchaux','France','+33620790921','Palaiseau','91120',NULL),
	(10,'2013-09-10 10:50:24',NULL,'12 Boulevard des maréchaux','France','+33620790921','Palaiseau','91120',NULL),
	(11,'2013-09-10 10:50:59',NULL,'12 Boulevard des maréchaux','France','+33620790921','Palaiseau','91120',NULL),
	(12,'2013-09-10 14:49:59',NULL,'12 Boulevard des maréchaux','France','+33620790920','Palaiseau','91120',NULL),
	(13,'2013-09-10 14:50:17',NULL,'12 Boulevard des maréchaux','France','+33620790921','Palaiseau','91120',NULL),
	(14,'2013-09-12 03:00:28',NULL,'12 Boulevard des maréchaux','France','+33620790921','Palaiseau','91120',NULL),
	(15,'2013-09-12 10:26:10',NULL,'12 Boulevard des maréchaux','France','+33620790921','Palaiseau','91120',NULL),
	(16,'2013-09-12 10:45:58',NULL,'12 Boulevard des maréchaux','France','+33620790921','Palaiseau','91120',NULL),
	(17,'2013-09-12 10:47:44',NULL,'12 Boulevard des maréchaux','France','+33620790921','Palaiseau','91120',NULL),
	(18,'2013-09-12 10:49:33',NULL,'12 Boulevard des maréchaux','France','+33620790921','Palaiseau','91120',NULL),
	(19,'2013-09-12 12:13:26',NULL,'12 Boulevard des maréchaux','France','+33620790921','Palaiseau','91120',NULL),
	(20,'2013-09-12 12:27:21',NULL,'12 Boulevard des maréchaux','France','+33620790921','Palaiseau','91120',NULL),
	(33,'2013-09-12 16:24:04',NULL,'12 Boulevard des maréchaux','France','+33620790921','Palaiseau','91120',NULL),
	(34,'2013-09-12 16:24:19',NULL,'12 Boulevard des maréchaux','France','+33620790921','Palaiseau','91120',NULL),
	(35,'2013-09-12 16:26:45',NULL,'12 Boulevard des maréchaux','France','+33620790921','Palaiseau','91120',NULL),
	(36,'2013-09-12 16:28:19',NULL,'12 Boulevard des maréchaux','France','+33620790921','Palaiseau','91120',NULL),
	(37,'2013-09-12 16:31:05',NULL,'12 Boulevard des maréchaux','France','+33620790921','Palaiseau','91120',NULL),
	(38,'2013-09-12 16:33:26',NULL,'12 Boulevard des maréchaux','France','+33620790921','Palaiseau','91120',NULL),
	(39,'2013-09-12 16:35:01',NULL,'12 Boulevard des maréchaux','France','+33620790921','Palaiseau','91120',NULL),
	(40,'2013-09-12 16:36:49',NULL,'12 Boulevard des maréchaux','France','+33620790921','Palaiseau','91120',NULL),
	(41,'2013-09-12 16:37:25',NULL,'12 Boulevard des maréchaux','France','+33620790921','Palaiseau','91120',NULL),
	(42,'2013-09-12 16:42:00',NULL,'12 Boulevard des maréchaux','France','+33620790921','Palaiseau','91120',NULL),
	(43,'2013-09-12 17:16:17',NULL,'12 Boulevard des maréchaux','France','+33620790921','Palaiseau','91120',NULL),
	(44,'2013-09-12 17:39:42',NULL,'12 Boulevard des maréchaux','France','+33620790921','Palaiseau','91120',NULL),
	(45,'2013-09-12 17:44:22',NULL,'1 Rue de la merde','France','','Caca','`92200',NULL),
	(46,'2013-09-12 17:48:42',NULL,'1 Rue de la merde','France','','Caca','92200',NULL),
	(47,'2013-09-13 02:59:39',NULL,'12 Boulevard des maréchaux','France','+33620790921','Palaiseau','91120',NULL),
	(48,'2013-09-13 23:31:33',NULL,'12 Boulevard des maréchaux','France','+33620790921','Palaiseau','91120',NULL),
	(49,'2013-09-13 23:31:33',NULL,'12 Boulevard des maréchaux','France','+33620790921','Palaiseau','91120',NULL);

/*!40000 ALTER TABLE `T_ADRESS` ENABLE KEYS */;
UNLOCK TABLES;


# Affichage de la table T_ANNOUNCES
# ------------------------------------------------------------

DROP TABLE IF EXISTS `T_ANNOUNCES`;

CREATE TABLE `T_ANNOUNCES` (
  `id` bigint(20) NOT NULL AUTO_INCREMENT,
  `CREATED` datetime DEFAULT NULL,
  `MODIFIED` datetime DEFAULT NULL,
  `CONTENT` longtext,
  `TITLE` varchar(255) NOT NULL,
  `modifier_id` bigint(20) DEFAULT NULL,
  `author_id` bigint(20) DEFAULT NULL,
  `dendrite_id` bigint(20) DEFAULT NULL,
  PRIMARY KEY (`id`),
  KEY `FK780EAADFEBA3847E` (`dendrite_id`),
  KEY `FK780EAADFA7CD013E` (`author_id`),
  KEY `FK780EAADFF3D50C72` (`modifier_id`),
  CONSTRAINT `FK780EAADFA7CD013E` FOREIGN KEY (`author_id`) REFERENCES `T_USERS` (`id`),
  CONSTRAINT `FK780EAADFEBA3847E` FOREIGN KEY (`dendrite_id`) REFERENCES `T_DENDRITES` (`id`),
  CONSTRAINT `FK780EAADFF3D50C72` FOREIGN KEY (`modifier_id`) REFERENCES `T_USERS` (`id`)
) ENGINE=InnoDB DEFAULT CHARSET=utf8;

LOCK TABLES `T_ANNOUNCES` WRITE;
/*!40000 ALTER TABLE `T_ANNOUNCES` DISABLE KEYS */;

INSERT INTO `T_ANNOUNCES` (`id`, `CREATED`, `MODIFIED`, `CONTENT`, `TITLE`, `modifier_id`, `author_id`, `dendrite_id`)
VALUES
	(1,'2013-09-13 13:15:47','2013-09-13 13:15:47','Bonjour, il y a t il quelqu\'un qui part au Mali dans ces deux jours. J\'aimerai lui donner quelque chose à remettre à quelqu\'un.','Départ pour le mali',144,144,NULL),
	(2,'2013-09-13 22:37:27','2013-09-13 22:37:27','Un truc.','Départ pour le mali',144,144,NULL);

/*!40000 ALTER TABLE `T_ANNOUNCES` ENABLE KEYS */;
UNLOCK TABLES;


# Affichage de la table T_ARTICLES
# ------------------------------------------------------------

DROP TABLE IF EXISTS `T_ARTICLES`;

CREATE TABLE `T_ARTICLES` (
  `id` bigint(20) NOT NULL AUTO_INCREMENT,
  `CREATED` datetime DEFAULT NULL,
  `MODIFIED` datetime DEFAULT NULL,
  `CONTENT` longtext,
  `TITLE` varchar(255) NOT NULL,
  `modifier_id` bigint(20) DEFAULT NULL,
  `author_id` bigint(20) DEFAULT NULL,
  PRIMARY KEY (`id`),
  KEY `FK12E511C8A7CD013E` (`author_id`),
  KEY `FK12E511C8F3D50C72` (`modifier_id`),
  CONSTRAINT `FK12E511C8A7CD013E` FOREIGN KEY (`author_id`) REFERENCES `T_USERS` (`id`),
  CONSTRAINT `FK12E511C8F3D50C72` FOREIGN KEY (`modifier_id`) REFERENCES `T_USERS` (`id`)
) ENGINE=InnoDB DEFAULT CHARSET=utf8;

LOCK TABLES `T_ARTICLES` WRITE;
/*!40000 ALTER TABLE `T_ARTICLES` DISABLE KEYS */;

INSERT INTO `T_ARTICLES` (`id`, `CREATED`, `MODIFIED`, `CONTENT`, `TITLE`, `modifier_id`, `author_id`)
VALUES
	(1,'2013-06-29 02:43:29','2013-09-10 17:17:20','Un atre','Autre article',144,144),
	(2,'2013-06-29 02:44:12','2013-06-29 03:02:24','<p>Kat Deluna.</p><p><iframe frameborder=\'0\' style=\'width:530px;height:350px;\' src=\'http://www.youtube.com/embed/YxIU6KtUYbk\'></iframe>&nbsp;</p>','Kat Deluna - Wanna See You Dance (La La La)',144,144);

/*!40000 ALTER TABLE `T_ARTICLES` ENABLE KEYS */;
UNLOCK TABLES;


# Affichage de la table T_CANDIDATURES
# ------------------------------------------------------------

DROP TABLE IF EXISTS `T_CANDIDATURES`;

CREATE TABLE `T_CANDIDATURES` (
  `id` bigint(20) NOT NULL AUTO_INCREMENT,
  `CREATED` datetime DEFAULT NULL,
  `MODIFIED` datetime DEFAULT NULL,
  `PRESENTATION` longtext,
  `modifier_id` bigint(20) DEFAULT NULL,
  `candidate_id` bigint(20) DEFAULT NULL,
  `election_id` bigint(20) DEFAULT NULL,
  `poste_id` bigint(20) DEFAULT NULL,
  PRIMARY KEY (`id`),
  KEY `FK619350384C982932` (`election_id`),
  KEY `FK61935038F3D50C72` (`modifier_id`),
  KEY `FK6193503887E06A46` (`candidate_id`),
  KEY `FK61935038B9253C82` (`poste_id`),
  CONSTRAINT `FK619350384C982932` FOREIGN KEY (`election_id`) REFERENCES `T_ELECTIONS` (`id`),
  CONSTRAINT `FK6193503887E06A46` FOREIGN KEY (`candidate_id`) REFERENCES `T_USERS` (`id`),
  CONSTRAINT `FK61935038B9253C82` FOREIGN KEY (`poste_id`) REFERENCES `T_POSTES` (`id`),
  CONSTRAINT `FK61935038F3D50C72` FOREIGN KEY (`modifier_id`) REFERENCES `T_USERS` (`id`)
) ENGINE=InnoDB DEFAULT CHARSET=utf8;

LOCK TABLES `T_CANDIDATURES` WRITE;
/*!40000 ALTER TABLE `T_CANDIDATURES` DISABLE KEYS */;

INSERT INTO `T_CANDIDATURES` (`id`, `CREATED`, `MODIFIED`, `PRESENTATION`, `modifier_id`, `candidate_id`, `election_id`, `poste_id`)
VALUES
	(1,'2013-06-29 02:41:15',NULL,NULL,NULL,144,2,8),
	(2,'2013-06-29 02:41:15',NULL,NULL,NULL,121,2,8),
	(3,'2013-06-29 02:41:15',NULL,NULL,NULL,123,2,8),
	(4,'2013-09-13 23:47:32','2013-09-13 23:47:33','yesssss I ammmmmm!!!',121,121,3,1),
	(5,'2013-09-13 23:47:46','2013-09-13 23:47:46','yes i did!!!',121,121,3,2),
	(6,'2013-09-13 23:48:07','2013-09-13 23:48:07','I had a dream!!!!',121,121,3,4),
	(7,'2013-09-13 23:49:58','2013-09-13 23:49:58','Yes I AM!!!!!!!',121,121,8,8),
	(8,'2013-09-13 23:50:12','2013-09-13 23:50:12','Yesssss I Willllll!!!',121,121,8,9),
	(9,'2013-09-13 23:51:50','2013-09-13 23:51:50','Je suis motivé.\r\nVotez pour moi car je suis le meilleur.',144,144,8,8),
	(10,'2013-09-13 23:51:51','2013-09-13 23:51:51','je suis le meilleur\r\n',123,123,8,8),
	(11,'2013-09-13 23:52:16','2013-09-13 23:52:16','Votez pour moi ou vous mourrez',123,123,8,9),
	(12,'2013-09-13 23:55:23','2013-09-13 23:55:23','Vous voterez pour moi ou vous mourez.',144,144,9,2),
	(13,'2013-09-13 23:57:03','2013-09-13 23:57:03','YOHOOOOO',121,121,9,1),
	(14,'2013-09-13 23:57:18','2013-09-13 23:57:18','yiipiiii',121,121,9,7),
	(15,'2013-09-13 23:57:28','2013-09-13 23:57:28','yiiiipiiiiii',121,121,9,2),
	(16,'2013-09-13 23:58:48','2013-09-13 23:58:48','yammmmaaaa!!!!',121,121,9,4),
	(17,'2013-09-15 21:53:19','2013-09-15 21:53:19',NULL,144,43,3,1);

/*!40000 ALTER TABLE `T_CANDIDATURES` ENABLE KEYS */;
UNLOCK TABLES;


# Affichage de la table T_COMMENTS
# ------------------------------------------------------------

DROP TABLE IF EXISTS `T_COMMENTS`;

CREATE TABLE `T_COMMENTS` (
  `id` bigint(20) NOT NULL AUTO_INCREMENT,
  `CREATED` datetime DEFAULT NULL,
  `MODIFIED` datetime DEFAULT NULL,
  `CONTENT` longtext NOT NULL,
  `modifier_id` bigint(20) DEFAULT NULL,
  `author_id` bigint(20) DEFAULT NULL,
  PRIMARY KEY (`id`),
  KEY `FK383C1D7FA7CD013E` (`author_id`),
  KEY `FK383C1D7FF3D50C72` (`modifier_id`),
  CONSTRAINT `FK383C1D7FA7CD013E` FOREIGN KEY (`author_id`) REFERENCES `T_USERS` (`id`),
  CONSTRAINT `FK383C1D7FF3D50C72` FOREIGN KEY (`modifier_id`) REFERENCES `T_USERS` (`id`)
) ENGINE=InnoDB DEFAULT CHARSET=utf8;

LOCK TABLES `T_COMMENTS` WRITE;
/*!40000 ALTER TABLE `T_COMMENTS` DISABLE KEYS */;

INSERT INTO `T_COMMENTS` (`id`, `CREATED`, `MODIFIED`, `CONTENT`, `modifier_id`, `author_id`)
VALUES
	(1,'2013-06-29 02:55:35',NULL,'I leave a comment!',NULL,144),
	(2,'2013-09-10 17:17:20',NULL,'Ceci est un commentaire.',NULL,144);

/*!40000 ALTER TABLE `T_COMMENTS` ENABLE KEYS */;
UNLOCK TABLES;


# Affichage de la table T_COMMENTS_T_COMMENTS
# ------------------------------------------------------------

DROP TABLE IF EXISTS `T_COMMENTS_T_COMMENTS`;

CREATE TABLE `T_COMMENTS_T_COMMENTS` (
  `T_COMMENTS_id` bigint(20) NOT NULL,
  `comments_id` bigint(20) NOT NULL,
  UNIQUE KEY `comments_id` (`comments_id`),
  KEY `FKF43B403FE9CFE68D` (`T_COMMENTS_id`),
  KEY `FKF43B403FFB8495D8` (`comments_id`),
  CONSTRAINT `FKF43B403FE9CFE68D` FOREIGN KEY (`T_COMMENTS_id`) REFERENCES `T_COMMENTS` (`id`),
  CONSTRAINT `FKF43B403FFB8495D8` FOREIGN KEY (`comments_id`) REFERENCES `T_COMMENTS` (`id`)
) ENGINE=InnoDB DEFAULT CHARSET=utf8;



# Affichage de la table T_CVS
# ------------------------------------------------------------

DROP TABLE IF EXISTS `T_CVS`;

CREATE TABLE `T_CVS` (
  `id` bigint(20) NOT NULL AUTO_INCREMENT,
  `CREATED` datetime DEFAULT NULL,
  `MODIFIED` datetime DEFAULT NULL,
  `RESUME` varchar(255) DEFAULT NULL,
  `TITLE` varchar(255) DEFAULT NULL,
  `modifier_id` bigint(20) DEFAULT NULL,
  `adresse_id` bigint(20) DEFAULT NULL,
  PRIMARY KEY (`id`),
  KEY `FK4CBEBD56239C28` (`adresse_id`),
  KEY `FK4CBEBD5F3D50C72` (`modifier_id`),
  CONSTRAINT `FK4CBEBD56239C28` FOREIGN KEY (`adresse_id`) REFERENCES `T_ADRESS` (`id`),
  CONSTRAINT `FK4CBEBD5F3D50C72` FOREIGN KEY (`modifier_id`) REFERENCES `T_USERS` (`id`)
) ENGINE=InnoDB DEFAULT CHARSET=utf8;

LOCK TABLES `T_CVS` WRITE;
/*!40000 ALTER TABLE `T_CVS` DISABLE KEYS */;

INSERT INTO `T_CVS` (`id`, `CREATED`, `MODIFIED`, `RESUME`, `TITLE`, `modifier_id`, `adresse_id`)
VALUES
	(1,'2013-06-29 02:41:12',NULL,NULL,NULL,NULL,NULL),
	(2,'2013-06-29 02:41:12',NULL,NULL,NULL,NULL,NULL),
	(3,'2013-06-29 02:41:12',NULL,NULL,NULL,NULL,NULL),
	(4,'2013-06-29 02:41:12',NULL,NULL,NULL,NULL,NULL),
	(5,'2013-06-29 02:41:12',NULL,NULL,NULL,NULL,NULL),
	(6,'2013-06-29 02:41:12',NULL,NULL,NULL,NULL,NULL),
	(7,'2013-06-29 02:41:12',NULL,NULL,NULL,NULL,NULL),
	(8,'2013-06-29 02:41:12',NULL,NULL,NULL,NULL,NULL),
	(9,'2013-06-29 02:41:12',NULL,NULL,NULL,NULL,NULL),
	(10,'2013-06-29 02:41:12',NULL,NULL,NULL,NULL,NULL),
	(11,'2013-06-29 02:41:12',NULL,NULL,NULL,NULL,NULL),
	(12,'2013-06-29 02:41:12',NULL,NULL,NULL,NULL,NULL),
	(13,'2013-06-29 02:41:12',NULL,NULL,NULL,NULL,NULL),
	(14,'2013-06-29 02:41:12',NULL,NULL,NULL,NULL,NULL),
	(15,'2013-06-29 02:41:12',NULL,NULL,NULL,NULL,NULL),
	(16,'2013-06-29 02:41:12',NULL,NULL,NULL,NULL,NULL),
	(17,'2013-06-29 02:41:12',NULL,NULL,NULL,NULL,NULL),
	(18,'2013-06-29 02:41:12',NULL,NULL,NULL,NULL,NULL),
	(19,'2013-06-29 02:41:12',NULL,NULL,NULL,NULL,NULL),
	(20,'2013-06-29 02:41:12',NULL,NULL,NULL,NULL,NULL),
	(21,'2013-06-29 02:41:12',NULL,NULL,NULL,NULL,NULL),
	(22,'2013-06-29 02:41:12',NULL,NULL,NULL,NULL,NULL),
	(23,'2013-06-29 02:41:12',NULL,NULL,NULL,NULL,NULL),
	(24,'2013-06-29 02:41:12',NULL,NULL,NULL,NULL,NULL),
	(25,'2013-06-29 02:41:13',NULL,NULL,NULL,NULL,NULL),
	(26,'2013-06-29 02:41:13',NULL,NULL,NULL,NULL,NULL),
	(27,'2013-06-29 02:41:13',NULL,NULL,NULL,NULL,NULL),
	(28,'2013-06-29 02:41:13',NULL,NULL,NULL,NULL,NULL),
	(29,'2013-06-29 02:41:13',NULL,NULL,NULL,NULL,NULL),
	(30,'2013-06-29 02:41:13',NULL,NULL,NULL,NULL,NULL),
	(31,'2013-06-29 02:41:13',NULL,NULL,NULL,NULL,NULL),
	(32,'2013-06-29 02:41:13',NULL,NULL,NULL,NULL,NULL),
	(33,'2013-06-29 02:41:13',NULL,NULL,NULL,NULL,NULL),
	(34,'2013-06-29 02:41:13',NULL,NULL,NULL,NULL,NULL),
	(35,'2013-06-29 02:41:13',NULL,NULL,NULL,NULL,NULL),
	(36,'2013-06-29 02:41:13',NULL,NULL,NULL,NULL,NULL),
	(37,'2013-06-29 02:41:13',NULL,NULL,NULL,NULL,NULL),
	(38,'2013-06-29 02:41:13',NULL,NULL,NULL,NULL,NULL),
	(39,'2013-06-29 02:41:13',NULL,NULL,NULL,NULL,NULL),
	(40,'2013-06-29 02:41:13',NULL,NULL,NULL,NULL,NULL),
	(41,'2013-06-29 02:41:13',NULL,NULL,NULL,NULL,NULL),
	(42,'2013-06-29 02:41:13',NULL,NULL,NULL,NULL,NULL),
	(43,'2013-06-29 02:41:13',NULL,NULL,NULL,NULL,NULL),
	(44,'2013-06-29 02:41:13',NULL,NULL,NULL,NULL,NULL),
	(45,'2013-06-29 02:41:13',NULL,NULL,NULL,NULL,NULL),
	(46,'2013-06-29 02:41:13',NULL,NULL,NULL,NULL,NULL),
	(47,'2013-06-29 02:41:13',NULL,NULL,NULL,NULL,NULL),
	(48,'2013-06-29 02:41:13',NULL,NULL,NULL,NULL,NULL),
	(49,'2013-06-29 02:41:13',NULL,NULL,NULL,NULL,NULL),
	(50,'2013-06-29 02:41:13',NULL,NULL,NULL,NULL,NULL),
	(51,'2013-06-29 02:41:13',NULL,NULL,NULL,NULL,NULL),
	(52,'2013-06-29 02:41:13',NULL,NULL,NULL,NULL,NULL),
	(53,'2013-06-29 02:41:13',NULL,NULL,NULL,NULL,NULL),
	(54,'2013-06-29 02:41:13',NULL,NULL,NULL,NULL,NULL),
	(55,'2013-06-29 02:41:13',NULL,NULL,NULL,NULL,NULL),
	(56,'2013-06-29 02:41:13',NULL,NULL,NULL,NULL,NULL),
	(57,'2013-06-29 02:41:13',NULL,NULL,NULL,NULL,NULL),
	(58,'2013-06-29 02:41:13',NULL,NULL,NULL,NULL,NULL),
	(59,'2013-06-29 02:41:13',NULL,NULL,NULL,NULL,NULL),
	(60,'2013-06-29 02:41:13',NULL,NULL,NULL,NULL,NULL),
	(61,'2013-06-29 02:41:13',NULL,NULL,NULL,NULL,NULL),
	(62,'2013-06-29 02:41:13',NULL,NULL,NULL,NULL,NULL),
	(63,'2013-06-29 02:41:13',NULL,NULL,NULL,NULL,NULL),
	(64,'2013-06-29 02:41:13',NULL,NULL,NULL,NULL,NULL),
	(65,'2013-06-29 02:41:13',NULL,NULL,NULL,NULL,NULL),
	(66,'2013-06-29 02:41:13',NULL,NULL,NULL,NULL,NULL),
	(67,'2013-06-29 02:41:13',NULL,NULL,NULL,NULL,NULL),
	(68,'2013-06-29 02:41:13',NULL,NULL,NULL,NULL,NULL),
	(69,'2013-06-29 02:41:13',NULL,NULL,NULL,NULL,NULL),
	(70,'2013-06-29 02:41:13',NULL,NULL,NULL,NULL,NULL),
	(71,'2013-06-29 02:41:13',NULL,NULL,NULL,NULL,NULL),
	(72,'2013-06-29 02:41:13',NULL,NULL,NULL,NULL,NULL),
	(73,'2013-06-29 02:41:13',NULL,NULL,NULL,NULL,NULL),
	(74,'2013-06-29 02:41:13',NULL,NULL,NULL,NULL,NULL),
	(75,'2013-06-29 02:41:13',NULL,NULL,NULL,NULL,NULL),
	(76,'2013-06-29 02:41:13',NULL,NULL,NULL,NULL,NULL),
	(77,'2013-06-29 02:41:13',NULL,NULL,NULL,NULL,NULL),
	(78,'2013-06-29 02:41:13',NULL,NULL,NULL,NULL,NULL),
	(79,'2013-06-29 02:41:13',NULL,NULL,NULL,NULL,NULL),
	(80,'2013-06-29 02:41:13',NULL,NULL,NULL,NULL,NULL),
	(81,'2013-06-29 02:41:13',NULL,NULL,NULL,NULL,NULL),
	(82,'2013-06-29 02:41:13',NULL,NULL,NULL,NULL,NULL),
	(83,'2013-06-29 02:41:13',NULL,NULL,NULL,NULL,NULL),
	(85,'2013-06-29 02:41:13',NULL,NULL,NULL,NULL,NULL),
	(86,'2013-06-29 02:41:13',NULL,NULL,NULL,NULL,NULL),
	(87,'2013-06-29 02:41:13',NULL,NULL,NULL,NULL,NULL),
	(88,'2013-06-29 02:41:13',NULL,NULL,NULL,NULL,NULL),
	(89,'2013-06-29 02:41:13',NULL,NULL,NULL,NULL,NULL),
	(90,'2013-06-29 02:41:14',NULL,NULL,NULL,NULL,NULL),
	(91,'2013-06-29 02:41:14',NULL,NULL,NULL,NULL,NULL),
	(92,'2013-06-29 02:41:14',NULL,NULL,NULL,NULL,NULL),
	(93,'2013-06-29 02:41:14',NULL,NULL,NULL,NULL,NULL),
	(94,'2013-06-29 02:41:14',NULL,NULL,NULL,NULL,NULL),
	(95,'2013-06-29 02:41:14',NULL,NULL,NULL,NULL,NULL),
	(96,'2013-06-29 02:41:14',NULL,NULL,NULL,NULL,NULL),
	(97,'2013-06-29 02:41:14',NULL,NULL,NULL,NULL,NULL),
	(98,'2013-06-29 02:41:14',NULL,NULL,NULL,NULL,NULL),
	(99,'2013-06-29 02:41:14',NULL,NULL,NULL,NULL,NULL),
	(100,'2013-06-29 02:41:14',NULL,NULL,NULL,NULL,NULL),
	(101,'2013-06-29 02:41:14',NULL,NULL,NULL,NULL,NULL),
	(102,'2013-06-29 02:41:14',NULL,NULL,NULL,NULL,NULL),
	(103,'2013-06-29 02:41:14',NULL,NULL,NULL,NULL,NULL),
	(104,'2013-06-29 02:41:14',NULL,NULL,NULL,NULL,NULL),
	(105,'2013-06-29 02:41:14',NULL,NULL,NULL,NULL,NULL),
	(106,'2013-06-29 02:41:14',NULL,NULL,NULL,NULL,NULL),
	(107,'2013-06-29 02:41:14',NULL,NULL,NULL,NULL,NULL),
	(108,'2013-06-29 02:41:14',NULL,NULL,NULL,NULL,NULL),
	(109,'2013-06-29 02:41:14',NULL,NULL,NULL,NULL,NULL),
	(110,'2013-06-29 02:41:14',NULL,NULL,NULL,NULL,NULL),
	(111,'2013-06-29 02:41:14',NULL,NULL,NULL,NULL,NULL),
	(112,'2013-06-29 02:41:14',NULL,NULL,NULL,NULL,NULL),
	(113,'2013-06-29 02:41:14',NULL,NULL,NULL,NULL,NULL),
	(114,'2013-06-29 02:41:14',NULL,NULL,NULL,NULL,NULL),
	(115,'2013-06-29 02:41:14',NULL,NULL,NULL,NULL,NULL),
	(116,'2013-06-29 02:41:14',NULL,NULL,NULL,NULL,NULL),
	(117,'2013-06-29 02:41:14',NULL,NULL,NULL,NULL,NULL),
	(118,'2013-06-29 02:41:14',NULL,NULL,NULL,NULL,NULL),
	(119,'2013-06-29 02:41:14',NULL,NULL,NULL,NULL,NULL),
	(120,'2013-06-29 02:41:14',NULL,NULL,NULL,NULL,NULL),
	(121,'2013-06-29 02:41:14','2013-09-12 17:48:15','Etudiant En formation Ingénieur Centrale Paris','Etudiant En formation Ingénieur Centrale Paris',121,46),
	(122,'2013-06-29 02:41:14',NULL,NULL,NULL,NULL,NULL),
	(123,'2013-06-29 02:41:14',NULL,NULL,NULL,NULL,NULL),
	(124,'2013-06-29 02:41:14',NULL,NULL,NULL,NULL,NULL),
	(125,'2013-06-29 02:41:14',NULL,NULL,NULL,NULL,NULL),
	(126,'2013-06-29 02:41:14',NULL,NULL,NULL,NULL,NULL),
	(127,'2013-06-29 02:41:14',NULL,NULL,NULL,NULL,NULL),
	(128,'2013-06-29 02:41:14',NULL,NULL,NULL,NULL,NULL),
	(129,'2013-06-29 02:41:14',NULL,NULL,NULL,NULL,NULL),
	(130,'2013-06-29 02:41:14',NULL,NULL,NULL,NULL,NULL),
	(131,'2013-06-29 02:41:14',NULL,NULL,NULL,NULL,NULL),
	(132,'2013-06-29 02:41:14',NULL,NULL,NULL,NULL,NULL),
	(133,'2013-06-29 02:41:14',NULL,NULL,NULL,NULL,NULL),
	(134,'2013-06-29 02:41:14',NULL,NULL,NULL,NULL,NULL),
	(135,'2013-06-29 02:41:14',NULL,NULL,NULL,NULL,NULL),
	(136,'2013-06-29 02:41:14',NULL,NULL,NULL,NULL,NULL),
	(137,'2013-06-29 02:41:14',NULL,NULL,NULL,NULL,NULL),
	(138,'2013-06-29 02:41:14',NULL,NULL,NULL,NULL,NULL),
	(139,'2013-06-29 02:41:14',NULL,NULL,NULL,NULL,NULL),
	(140,'2013-06-29 02:41:14',NULL,NULL,NULL,NULL,NULL),
	(141,'2013-06-29 02:41:14',NULL,NULL,NULL,NULL,NULL),
	(142,'2013-06-29 02:41:14',NULL,NULL,NULL,NULL,NULL),
	(143,'2013-06-29 02:41:14',NULL,NULL,NULL,NULL,NULL),
	(144,'2013-06-29 02:41:14','2013-09-13 23:31:28','Je suis actuellement à l\'école polytechnique.','Recherche d\'un stage',144,49),
	(145,'2013-06-29 02:41:14',NULL,NULL,NULL,NULL,NULL),
	(146,'2013-06-29 02:41:14',NULL,NULL,NULL,NULL,NULL),
	(147,'2013-06-29 02:41:14',NULL,NULL,NULL,NULL,NULL),
	(148,'2013-06-29 02:41:14',NULL,NULL,NULL,NULL,NULL),
	(149,'2013-06-29 02:41:14',NULL,NULL,NULL,NULL,NULL),
	(150,'2013-06-29 02:41:14',NULL,NULL,NULL,NULL,NULL),
	(151,'2013-06-29 02:41:14',NULL,NULL,NULL,NULL,NULL),
	(152,'2013-06-29 02:41:14',NULL,NULL,NULL,NULL,NULL),
	(153,'2013-06-29 02:41:14',NULL,NULL,NULL,NULL,NULL),
	(154,'2013-06-29 02:41:14',NULL,NULL,NULL,NULL,NULL),
	(155,'2013-06-29 02:41:14',NULL,NULL,NULL,NULL,NULL),
	(156,'2013-06-29 02:41:14',NULL,NULL,NULL,NULL,NULL),
	(157,'2013-06-29 02:41:14',NULL,NULL,NULL,NULL,NULL),
	(158,'2013-06-29 02:41:14',NULL,NULL,NULL,NULL,NULL),
	(159,'2013-06-29 02:41:14',NULL,NULL,NULL,NULL,NULL),
	(160,'2013-06-29 02:41:14',NULL,NULL,NULL,NULL,NULL),
	(161,'2013-06-29 02:41:14',NULL,NULL,NULL,NULL,NULL),
	(162,'2013-06-29 02:41:14',NULL,NULL,NULL,NULL,NULL),
	(163,'2013-06-29 02:41:14',NULL,NULL,NULL,NULL,NULL),
	(164,'2013-06-29 02:41:14',NULL,NULL,NULL,NULL,NULL),
	(165,'2013-06-29 02:41:14',NULL,NULL,NULL,NULL,NULL),
	(166,'2013-06-29 02:41:14',NULL,NULL,NULL,NULL,NULL),
	(167,'2013-06-29 02:41:14',NULL,NULL,NULL,NULL,NULL),
	(168,'2013-06-29 02:41:14',NULL,NULL,NULL,NULL,NULL),
	(169,'2013-06-29 02:41:14',NULL,NULL,NULL,NULL,NULL),
	(170,'2013-06-29 02:41:14',NULL,NULL,NULL,NULL,NULL),
	(171,'2013-06-29 02:41:14',NULL,NULL,NULL,NULL,NULL),
	(172,'2013-06-29 02:41:14',NULL,NULL,NULL,NULL,NULL),
	(173,'2013-06-29 02:41:14',NULL,NULL,NULL,NULL,NULL),
	(174,'2013-06-29 02:41:14',NULL,NULL,NULL,NULL,NULL),
	(175,'2013-06-29 02:41:14',NULL,NULL,NULL,NULL,NULL),
	(176,'2013-06-29 02:41:14',NULL,NULL,NULL,NULL,NULL),
	(177,'2013-06-29 02:41:14',NULL,NULL,NULL,NULL,NULL),
	(178,'2013-06-29 02:41:15',NULL,NULL,NULL,NULL,NULL),
	(179,'2013-06-29 02:41:15',NULL,NULL,NULL,NULL,NULL),
	(180,'2013-06-29 02:41:15',NULL,NULL,NULL,NULL,NULL),
	(181,'2013-06-29 02:41:15',NULL,NULL,NULL,NULL,NULL),
	(182,'2013-06-29 02:41:15',NULL,NULL,NULL,NULL,NULL),
	(183,'2013-06-29 02:41:15',NULL,NULL,NULL,NULL,NULL),
	(184,'2013-06-29 02:41:15',NULL,NULL,NULL,NULL,NULL),
	(185,'2013-06-29 02:41:15',NULL,NULL,NULL,NULL,NULL),
	(186,'2013-06-29 02:41:15',NULL,NULL,NULL,NULL,NULL),
	(187,'2013-06-29 02:41:15',NULL,NULL,NULL,NULL,NULL),
	(188,'2013-06-29 02:41:15',NULL,NULL,NULL,NULL,NULL),
	(189,'2013-06-29 02:41:15',NULL,NULL,NULL,NULL,NULL),
	(190,'2013-06-29 02:41:15',NULL,NULL,NULL,NULL,NULL),
	(191,'2013-06-29 02:41:15',NULL,NULL,NULL,NULL,NULL),
	(192,'2013-09-09 23:22:25',NULL,NULL,NULL,NULL,NULL),
	(193,'2013-09-12 18:14:04',NULL,NULL,NULL,NULL,NULL),
	(194,'2013-09-12 21:22:08',NULL,NULL,NULL,NULL,NULL),
	(196,'2013-09-13 02:53:14',NULL,NULL,NULL,NULL,NULL),
	(197,'2013-09-13 15:28:01',NULL,NULL,NULL,NULL,NULL),
	(198,'2013-09-13 15:54:38',NULL,NULL,NULL,NULL,NULL);

/*!40000 ALTER TABLE `T_CVS` ENABLE KEYS */;
UNLOCK TABLES;


# Affichage de la table T_DENDRITES
# ------------------------------------------------------------

DROP TABLE IF EXISTS `T_DENDRITES`;

CREATE TABLE `T_DENDRITES` (
  `id` bigint(20) NOT NULL AUTO_INCREMENT,
  `CREATED` datetime DEFAULT NULL,
  `MODIFIED` datetime DEFAULT NULL,
  `CODE` varchar(255) NOT NULL,
  `DESCRIPTION` varchar(255) DEFAULT NULL,
  `GENERAL` bit(1) DEFAULT NULL,
  `NAME` varchar(255) NOT NULL,
  `modifier_id` bigint(20) DEFAULT NULL,
  `photo_id` bigint(20) DEFAULT NULL,
  PRIMARY KEY (`id`),
  UNIQUE KEY `CODE` (`CODE`),
  KEY `FK7AFFC8A9F3D50C72` (`modifier_id`),
  KEY `FK7AFFC8A95F0BDBD6` (`photo_id`),
  CONSTRAINT `FK7AFFC8A95F0BDBD6` FOREIGN KEY (`photo_id`) REFERENCES `T_PHOTOS` (`id`),
  CONSTRAINT `FK7AFFC8A9F3D50C72` FOREIGN KEY (`modifier_id`) REFERENCES `T_USERS` (`id`)
) ENGINE=InnoDB DEFAULT CHARSET=utf8;

LOCK TABLES `T_DENDRITES` WRITE;
/*!40000 ALTER TABLE `T_DENDRITES` DISABLE KEYS */;

INSERT INTO `T_DENDRITES` (`id`, `CREATED`, `MODIFIED`, `CODE`, `DESCRIPTION`, `GENERAL`, `NAME`, `modifier_id`, `photo_id`)
VALUES
	(1,'2013-06-29 02:41:11','2013-09-14 23:05:28','dendrite_bureau','La dendrite de CPD est la dendrite générale.',00000001,'CPD',144,NULL),
	(2,'2013-06-29 02:41:11','2013-09-14 22:40:44','dendrite_paris','La dendrite de Paris est la dendrite qui est à Paris.',00000000,'Paris',144,6),
	(3,'2013-06-29 02:41:11',NULL,'dendrite_grenoble','La dendrite de Grenoble est la dendrite qui est à Grenoble.',00000000,'Grenoble',NULL,NULL),
	(4,'2013-06-29 02:41:11','2013-09-11 12:24:57','dendrite_valence','La dendrite de Valence est la dendrite qui est à Valence.',00000000,'Valence',144,NULL),
	(5,'2013-06-29 02:41:11','2013-09-13 19:27:00','dendrite_angers','La dendrite de Angers est la dendrite qui est à Angers.',00000000,'Angers',144,NULL),
	(6,'2013-06-29 02:41:11',NULL,'dendrite_lyon','La dendrite de Lyon est la dendrite qui est à Lyon.',00000000,'Lyon',NULL,NULL),
	(7,'2013-06-29 02:41:11',NULL,'dendrite_mali','La dendrite du Mali est la dendrite qui est au Mali.',00000000,'Mali',NULL,NULL);

/*!40000 ALTER TABLE `T_DENDRITES` ENABLE KEYS */;
UNLOCK TABLES;


# Affichage de la table T_ELECTIONS
# ------------------------------------------------------------

DROP TABLE IF EXISTS `T_ELECTIONS`;

CREATE TABLE `T_ELECTIONS` (
  `id` bigint(20) NOT NULL AUTO_INCREMENT,
  `CREATED` datetime DEFAULT NULL,
  `MODIFIED` datetime DEFAULT NULL,
  `CODE` varchar(255) NOT NULL,
  `DESCRIPTION` varchar(255) DEFAULT NULL,
  `END_CANDIDATURE` datetime NOT NULL,
  `FIN_VOTE` datetime NOT NULL,
  `START_CANDIDATURE` datetime NOT NULL,
  `START_VOTE` datetime NOT NULL,
  `modifier_id` bigint(20) DEFAULT NULL,
  `dendrite_id` bigint(20) DEFAULT NULL,
  `organiser_id` bigint(20) DEFAULT NULL,
  PRIMARY KEY (`id`),
  UNIQUE KEY `CODE` (`CODE`),
  KEY `FK8BBA12FEBA3847E` (`dendrite_id`),
  KEY `FK8BBA12F8A6370C1` (`organiser_id`),
  KEY `FK8BBA12FF3D50C72` (`modifier_id`),
  CONSTRAINT `FK8BBA12F8A6370C1` FOREIGN KEY (`organiser_id`) REFERENCES `T_USERS` (`id`),
  CONSTRAINT `FK8BBA12FEBA3847E` FOREIGN KEY (`dendrite_id`) REFERENCES `T_DENDRITES` (`id`),
  CONSTRAINT `FK8BBA12FF3D50C72` FOREIGN KEY (`modifier_id`) REFERENCES `T_USERS` (`id`)
) ENGINE=InnoDB DEFAULT CHARSET=utf8;

LOCK TABLES `T_ELECTIONS` WRITE;
/*!40000 ALTER TABLE `T_ELECTIONS` DISABLE KEYS */;

INSERT INTO `T_ELECTIONS` (`id`, `CREATED`, `MODIFIED`, `CODE`, `DESCRIPTION`, `END_CANDIDATURE`, `FIN_VOTE`, `START_CANDIDATURE`, `START_VOTE`, `modifier_id`, `dendrite_id`, `organiser_id`)
VALUES
	(1,'2013-06-29 02:41:15','2013-09-13 17:51:24','Election CPD 2015','Elections pour le nouveau Bureau CPD 2015-2016','2015-05-21 00:00:00','2015-05-22 00:00:00','2015-05-20 00:00:00','2015-05-21 00:00:00',144,4,144),
	(2,'2013-06-29 02:41:15',NULL,'Election CPD 2016','Elections pour le nouveau Bureau CPD 2016-2017','2016-06-21 07:07:59','2016-06-22 09:07:59','2016-05-04 05:07:59','2016-06-21 08:07:59',NULL,4,121),
	(3,'2013-09-13 19:25:23','2013-09-14 22:35:32','Code','Hello ceci est une élection.','2013-09-15 00:00:00','2013-09-16 00:00:00','2013-09-03 00:00:00','2013-09-15 00:00:00',144,5,144),
	(8,'2013-09-13 23:49:40','2013-09-14 00:07:31','Test Alpha 1','Test avec le beton!!!','2013-09-13 00:00:00','2013-09-13 00:00:00','2013-09-13 00:00:00','2013-09-13 00:00:00',144,1,121),
	(9,'2013-09-13 23:49:48','2013-09-14 00:10:25','Demo paris','Ceci est une élection de demo','2013-09-13 00:00:00','2013-09-13 00:00:00','2013-09-13 00:00:00','2013-09-13 00:00:00',144,2,144);

/*!40000 ALTER TABLE `T_ELECTIONS` ENABLE KEYS */;
UNLOCK TABLES;


# Affichage de la table T_EVENT_INVITATIONS
# ------------------------------------------------------------

DROP TABLE IF EXISTS `T_EVENT_INVITATIONS`;

CREATE TABLE `T_EVENT_INVITATIONS` (
  `id` bigint(20) NOT NULL AUTO_INCREMENT,
  `CREATED` datetime DEFAULT NULL,
  `MODIFIED` datetime DEFAULT NULL,
  `PAYMENT_STATE` varchar(255) DEFAULT NULL,
  `INVITATION_STATE` varchar(255) DEFAULT NULL,
  `modifier_id` bigint(20) DEFAULT NULL,
  `event_id` bigint(20) DEFAULT NULL,
  `guest_id` bigint(20) DEFAULT NULL,
  PRIMARY KEY (`id`),
  KEY `FK3B78FE6A81DE9749` (`event_id`),
  KEY `FK3B78FE6AFB8F75D1` (`guest_id`),
  KEY `FK3B78FE6AF3D50C72` (`modifier_id`),
  CONSTRAINT `FK3B78FE6A81DE9749` FOREIGN KEY (`event_id`) REFERENCES `T_EVENTS` (`id`),
  CONSTRAINT `FK3B78FE6AF3D50C72` FOREIGN KEY (`modifier_id`) REFERENCES `T_USERS` (`id`),
  CONSTRAINT `FK3B78FE6AFB8F75D1` FOREIGN KEY (`guest_id`) REFERENCES `T_USERS` (`id`)
) ENGINE=InnoDB DEFAULT CHARSET=utf8;

LOCK TABLES `T_EVENT_INVITATIONS` WRITE;
/*!40000 ALTER TABLE `T_EVENT_INVITATIONS` DISABLE KEYS */;

INSERT INTO `T_EVENT_INVITATIONS` (`id`, `CREATED`, `MODIFIED`, `PAYMENT_STATE`, `INVITATION_STATE`, `modifier_id`, `event_id`, `guest_id`)
VALUES
	(1,'2013-06-29 02:41:15',NULL,'PAID','GOING',NULL,2,144),
	(2,'2013-06-29 02:41:15',NULL,'NOT_PAID','WAITING',NULL,1,123),
	(3,'2013-06-29 02:41:15',NULL,'PAID','NOT_GOING',NULL,2,143);

/*!40000 ALTER TABLE `T_EVENT_INVITATIONS` ENABLE KEYS */;
UNLOCK TABLES;


# Affichage de la table T_EVENTS
# ------------------------------------------------------------

DROP TABLE IF EXISTS `T_EVENTS`;

CREATE TABLE `T_EVENTS` (
  `id` bigint(20) NOT NULL AUTO_INCREMENT,
  `CREATED` datetime DEFAULT NULL,
  `MODIFIED` datetime DEFAULT NULL,
  `CONTENT` longtext,
  `TITLE` varchar(255) NOT NULL,
  `BEGINNING` datetime NOT NULL,
  `COST` double NOT NULL,
  `modifier_id` bigint(20) DEFAULT NULL,
  `author_id` bigint(20) DEFAULT NULL,
  `dendrite_id` bigint(20) DEFAULT NULL,
  `photo_id` bigint(20) DEFAULT NULL,
  PRIMARY KEY (`id`),
  KEY `FK31ED8B64EBA3847E` (`dendrite_id`),
  KEY `FK31ED8B64A7CD013E` (`author_id`),
  KEY `FK31ED8B64F3D50C72` (`modifier_id`),
  KEY `FK31ED8B645F0BDBD6` (`photo_id`),
  CONSTRAINT `FK31ED8B645F0BDBD6` FOREIGN KEY (`photo_id`) REFERENCES `T_PHOTOS` (`id`),
  CONSTRAINT `FK31ED8B64A7CD013E` FOREIGN KEY (`author_id`) REFERENCES `T_USERS` (`id`),
  CONSTRAINT `FK31ED8B64EBA3847E` FOREIGN KEY (`dendrite_id`) REFERENCES `T_DENDRITES` (`id`),
  CONSTRAINT `FK31ED8B64F3D50C72` FOREIGN KEY (`modifier_id`) REFERENCES `T_USERS` (`id`)
) ENGINE=InnoDB DEFAULT CHARSET=utf8;

LOCK TABLES `T_EVENTS` WRITE;
/*!40000 ALTER TABLE `T_EVENTS` DISABLE KEYS */;

INSERT INTO `T_EVENTS` (`id`, `CREATED`, `MODIFIED`, `CONTENT`, `TITLE`, `BEGINNING`, `COST`, `modifier_id`, `author_id`, `dendrite_id`, `photo_id`)
VALUES
	(1,'2013-06-29 02:41:15',NULL,'Mon premier evenement\n','Venez nombreux!!!','2013-01-01 01:00:00',0,NULL,123,NULL,NULL),
	(2,'2013-06-29 02:41:15',NULL,'Minicode 2013 Est un évènement organisé par la cellule tous les ans pour présenter des thèmes divers et variés. C\'est un évènement à ne surtout pas rater sous aucun pretexte. Nous vous attendons nombreux, donc venez nombreux. Merci.\n','Minicode 2013','2014-03-06 01:00:00',0,NULL,144,NULL,NULL);

/*!40000 ALTER TABLE `T_EVENTS` ENABLE KEYS */;
UNLOCK TABLES;


# Affichage de la table T_EXPERIENCES
# ------------------------------------------------------------

DROP TABLE IF EXISTS `T_EXPERIENCES`;

CREATE TABLE `T_EXPERIENCES` (
  `id` bigint(20) NOT NULL AUTO_INCREMENT,
  `CREATED` datetime DEFAULT NULL,
  `MODIFIED` datetime DEFAULT NULL,
  `BEGIN_MONTH` varchar(255) DEFAULT NULL,
  `BEGIN_YEAR` int(11) DEFAULT NULL,
  `COMPANY` varchar(255) DEFAULT NULL,
  `END_MONTH` varchar(255) DEFAULT NULL,
  `END_YEAR` int(11) DEFAULT NULL,
  `MISSION` varchar(255) DEFAULT NULL,
  `ON_GOING` bit(1) DEFAULT NULL,
  `POSTE` varchar(255) DEFAULT NULL,
  `SECTOR` varchar(255) DEFAULT NULL,
  `modifier_id` bigint(20) DEFAULT NULL,
  `cv_id` bigint(20) DEFAULT NULL,
  PRIMARY KEY (`id`),
  KEY `FK22E8BEDBD2534C` (`cv_id`),
  KEY `FK22E8BEF3D50C72` (`modifier_id`),
  CONSTRAINT `FK22E8BEDBD2534C` FOREIGN KEY (`cv_id`) REFERENCES `T_CVS` (`id`),
  CONSTRAINT `FK22E8BEF3D50C72` FOREIGN KEY (`modifier_id`) REFERENCES `T_USERS` (`id`)
) ENGINE=InnoDB DEFAULT CHARSET=utf8;

LOCK TABLES `T_EXPERIENCES` WRITE;
/*!40000 ALTER TABLE `T_EXPERIENCES` DISABLE KEYS */;

INSERT INTO `T_EXPERIENCES` (`id`, `CREATED`, `MODIFIED`, `BEGIN_MONTH`, `BEGIN_YEAR`, `COMPANY`, `END_MONTH`, `END_YEAR`, `MISSION`, `ON_GOING`, `POSTE`, `SECTOR`, `modifier_id`, `cv_id`)
VALUES
	(1,'2013-09-12 18:07:50','2013-09-12 18:07:50','Janvier',2013,'Accenture','Juillet',2013,'Au sein de l\'equipe cliente',00000000,'Stagiaire','Conseil Systeme D\'Information ',121,121);

/*!40000 ALTER TABLE `T_EXPERIENCES` ENABLE KEYS */;
UNLOCK TABLES;


# Affichage de la table T_FORMATIONS
# ------------------------------------------------------------

DROP TABLE IF EXISTS `T_FORMATIONS`;

CREATE TABLE `T_FORMATIONS` (
  `id` bigint(20) NOT NULL AUTO_INCREMENT,
  `CREATED` datetime DEFAULT NULL,
  `MODIFIED` datetime DEFAULT NULL,
  `BEGIN_YEAR` int(11) NOT NULL,
  `DOMAIN` varchar(255) NOT NULL,
  `END_YEAR` int(11) DEFAULT NULL,
  `LEVEL` varchar(255) NOT NULL,
  `ON_GOING` bit(1) DEFAULT NULL,
  `SCHOOL` varchar(255) NOT NULL,
  `modifier_id` bigint(20) DEFAULT NULL,
  `cv_id` bigint(20) DEFAULT NULL,
  PRIMARY KEY (`id`),
  KEY `FKF76912ADDBD2534C` (`cv_id`),
  KEY `FKF76912ADF3D50C72` (`modifier_id`),
  CONSTRAINT `FKF76912ADDBD2534C` FOREIGN KEY (`cv_id`) REFERENCES `T_CVS` (`id`),
  CONSTRAINT `FKF76912ADF3D50C72` FOREIGN KEY (`modifier_id`) REFERENCES `T_USERS` (`id`)
) ENGINE=InnoDB DEFAULT CHARSET=utf8;

LOCK TABLES `T_FORMATIONS` WRITE;
/*!40000 ALTER TABLE `T_FORMATIONS` DISABLE KEYS */;

INSERT INTO `T_FORMATIONS` (`id`, `CREATED`, `MODIFIED`, `BEGIN_YEAR`, `DOMAIN`, `END_YEAR`, `LEVEL`, `ON_GOING`, `SCHOOL`, `modifier_id`, `cv_id`)
VALUES
	(1,'2013-06-29 02:53:10','2013-09-12 17:21:04',2011,'Informatiques',NULL,'3ème Année',00000001,'Ecole Polytechnique',144,144),
	(2,'2013-07-02 08:49:06','2013-09-12 16:28:29',2010,'Mathématiques',2011,'Licence',00000000,'Université Joseph Fourier',144,144),
	(4,'2013-09-12 16:42:56','2013-09-12 17:09:38',2008,'Mathématiques Physique Mécanique',2010,'2ème Année',00000000,'Université Joseph Fourier',144,144),
	(8,'2013-09-12 17:11:19','2013-09-12 17:20:30',2008,'Mathématiques',2010,'2ème Année',00000000,'Université Joseph Fourier',144,144),
	(9,'2013-09-12 17:47:02','2013-09-12 17:47:02',2010,'Intelligence Artificielle',NULL,'Ingenieur',00000001,'Ecole Centrale Paris',121,121);

/*!40000 ALTER TABLE `T_FORMATIONS` ENABLE KEYS */;
UNLOCK TABLES;


# Affichage de la table T_HOBBIES
# ------------------------------------------------------------

DROP TABLE IF EXISTS `T_HOBBIES`;

CREATE TABLE `T_HOBBIES` (
  `id` bigint(20) NOT NULL AUTO_INCREMENT,
  `CREATED` datetime DEFAULT NULL,
  `MODIFIED` datetime DEFAULT NULL,
  `COMMENT` varchar(255) DEFAULT NULL,
  `TITLE` varchar(255) DEFAULT NULL,
  `modifier_id` bigint(20) DEFAULT NULL,
  `cv_id` bigint(20) DEFAULT NULL,
  PRIMARY KEY (`id`),
  KEY `FK9E54C0E5DBD2534C` (`cv_id`),
  KEY `FK9E54C0E5F3D50C72` (`modifier_id`),
  CONSTRAINT `FK9E54C0E5DBD2534C` FOREIGN KEY (`cv_id`) REFERENCES `T_CVS` (`id`),
  CONSTRAINT `FK9E54C0E5F3D50C72` FOREIGN KEY (`modifier_id`) REFERENCES `T_USERS` (`id`)
) ENGINE=InnoDB DEFAULT CHARSET=utf8;



# Affichage de la table T_LANGUAGES
# ------------------------------------------------------------

DROP TABLE IF EXISTS `T_LANGUAGES`;

CREATE TABLE `T_LANGUAGES` (
  `id` bigint(20) NOT NULL AUTO_INCREMENT,
  `CREATED` datetime DEFAULT NULL,
  `MODIFIED` datetime DEFAULT NULL,
  `LANGUAGE` varchar(255) DEFAULT NULL,
  `LEVEL` varchar(255) DEFAULT NULL,
  `modifier_id` bigint(20) DEFAULT NULL,
  PRIMARY KEY (`id`),
  KEY `FK82E389D0F3D50C72` (`modifier_id`),
  CONSTRAINT `FK82E389D0F3D50C72` FOREIGN KEY (`modifier_id`) REFERENCES `T_USERS` (`id`)
) ENGINE=InnoDB DEFAULT CHARSET=utf8;

LOCK TABLES `T_LANGUAGES` WRITE;
/*!40000 ALTER TABLE `T_LANGUAGES` DISABLE KEYS */;

INSERT INTO `T_LANGUAGES` (`id`, `CREATED`, `MODIFIED`, `LANGUAGE`, `LEVEL`, `modifier_id`)
VALUES
	(1,'2013-06-29 02:53:22','2013-06-29 02:53:22','Anglais','Scolaire',144),
	(2,'2013-06-29 02:53:33','2013-06-29 02:53:33','Bambara','Maternelle',144),
	(3,'2013-09-12 17:45:41','2013-09-12 17:45:41','Anglais','Bilingue',121),
	(4,'2013-09-12 17:45:41',NULL,'Anglais','Bilingue',NULL),
	(5,'2013-09-13 03:00:09','2013-09-13 03:00:09','Arabe','Scolaire',144),
	(6,'2013-09-13 03:00:10',NULL,'Arabe','Scolaire',NULL);

/*!40000 ALTER TABLE `T_LANGUAGES` ENABLE KEYS */;
UNLOCK TABLES;


# Affichage de la table T_MESSAGES
# ------------------------------------------------------------

DROP TABLE IF EXISTS `T_MESSAGES`;

CREATE TABLE `T_MESSAGES` (
  `id` bigint(20) NOT NULL AUTO_INCREMENT,
  `CREATED` datetime DEFAULT NULL,
  `MODIFIED` datetime DEFAULT NULL,
  `content` longtext,
  `ready` bit(1) DEFAULT NULL,
  `SUBJECT` varchar(255) DEFAULT NULL,
  `modifier_id` bigint(20) DEFAULT NULL,
  `author_id` bigint(20) DEFAULT NULL,
  `convers_user_id1` bigint(20) DEFAULT NULL,
  `convers_user_id2` bigint(20) DEFAULT NULL,
  PRIMARY KEY (`id`),
  KEY `FK409940D7A7CD013E` (`author_id`),
  KEY `FK409940D7F3D50C72` (`modifier_id`),
  KEY `FK409940D72FBD0D86` (`convers_user_id1`,`convers_user_id2`),
  CONSTRAINT `FK409940D72FBD0D86` FOREIGN KEY (`convers_user_id1`, `convers_user_id2`) REFERENCES `AS_USERS_MESSAGES` (`user_id1`, `user_id2`),
  CONSTRAINT `FK409940D7A7CD013E` FOREIGN KEY (`author_id`) REFERENCES `T_USERS` (`id`),
  CONSTRAINT `FK409940D7F3D50C72` FOREIGN KEY (`modifier_id`) REFERENCES `T_USERS` (`id`)
) ENGINE=InnoDB DEFAULT CHARSET=utf8;

LOCK TABLES `T_MESSAGES` WRITE;
/*!40000 ALTER TABLE `T_MESSAGES` DISABLE KEYS */;

INSERT INTO `T_MESSAGES` (`id`, `CREATED`, `MODIFIED`, `content`, `ready`, `SUBJECT`, `modifier_id`, `author_id`, `convers_user_id1`, `convers_user_id2`)
VALUES
	(1,'2013-09-16 17:11:17','2013-09-16 17:11:17','Cheick',NULL,'Aucun object',144,144,144,121),
	(2,'2013-09-16 17:11:17','2013-09-16 17:11:18','Cheick',NULL,'Aucun object',144,144,144,121),
	(3,'2013-09-16 17:11:41','2013-09-16 17:11:41','Hello',NULL,'Aucun object',144,144,144,121),
	(4,'2013-09-16 17:11:41','2013-09-16 17:11:41','Hello',NULL,'Aucun object',144,144,144,121),
	(5,'2013-09-16 17:13:14','2013-09-16 17:13:14','Hello',NULL,'Aucun object',144,144,144,121),
	(6,'2013-09-16 17:13:14','2013-09-16 17:13:14','Hello',NULL,'Aucun object',144,144,121,144),
	(7,'2013-09-16 17:13:35','2013-09-16 17:13:35','Out',NULL,'Aucun object',144,144,144,121),
	(8,'2013-09-16 17:13:35','2013-09-16 17:13:36','Out',NULL,'Aucun object',144,144,121,144),
	(9,'2013-09-16 17:24:58','2013-09-16 17:24:58','Mina',NULL,'Aucun object',144,144,144,121),
	(10,'2013-09-16 17:24:58','2013-09-16 17:24:58','Mina',NULL,'Aucun object',144,144,121,144),
	(11,'2013-09-16 20:35:05','2013-09-16 20:35:05','Hello',NULL,'Aucun object',144,144,144,121),
	(12,'2013-09-16 20:35:05','2013-09-16 20:35:06','Hello',NULL,'Aucun object',144,144,121,144),
	(13,'2013-09-16 20:35:12','2013-09-16 20:35:12','C\'est cool',NULL,'Aucun object',144,144,144,121),
	(14,'2013-09-16 20:35:12','2013-09-16 20:35:12','C\'est cool',NULL,'Aucun object',144,144,121,144),
	(15,'2013-09-16 20:35:29','2013-09-16 20:35:29','mais pas trop à partir d\'un certain moment',NULL,'Aucun object',144,144,144,121),
	(16,'2013-09-16 20:35:29','2013-09-16 20:35:29','mais pas trop à partir d\'un certain moment',NULL,'Aucun object',144,144,121,144),
	(17,'2013-09-16 20:35:41','2013-09-16 20:35:41','Par exemple là',NULL,'Aucun object',144,144,144,121),
	(18,'2013-09-16 20:35:41','2013-09-16 20:35:41','Par exemple là',NULL,'Aucun object',144,144,121,144),
	(19,'2013-09-16 20:38:50','2013-09-16 20:38:50','Hello',NULL,'Aucun object',121,121,121,144),
	(20,'2013-09-16 20:38:50','2013-09-16 20:38:51','Hello',NULL,'Aucun object',121,121,144,121),
	(21,'2013-09-16 20:39:02','2013-09-16 20:39:02','C\'est marrant',NULL,'Aucun object',121,121,121,144),
	(22,'2013-09-16 20:39:02','2013-09-16 20:39:02','C\'est marrant',NULL,'Aucun object',121,121,144,121),
	(23,'2013-09-16 20:39:12','2013-09-16 20:39:12','Oui je sais',NULL,'Aucun object',121,121,121,144),
	(24,'2013-09-16 20:39:12','2013-09-16 20:39:12','Oui je sais',NULL,'Aucun object',121,121,144,121),
	(25,'2013-09-16 20:46:07','2013-09-16 20:46:07','Hgefg',NULL,'Aucun object',121,121,121,144),
	(26,'2013-09-16 20:46:07','2013-09-16 20:46:07','Hgefg',NULL,'Aucun object',121,121,144,121),
	(27,'2013-09-16 23:51:18','2013-09-16 23:51:18','Salut Salout',NULL,'Aucun object',121,121,121,144),
	(28,'2013-09-16 23:51:18','2013-09-16 23:51:18','Salut Salout',NULL,'Aucun object',121,121,144,121),
	(29,'2013-09-17 00:48:33','2013-09-17 00:48:33','Hello',NULL,'Aucun object',144,144,144,144),
	(30,'2013-09-17 00:48:33','2013-09-17 00:48:34','Hello',NULL,'Aucun object',144,144,144,144),
	(31,'2013-09-17 00:50:00','2013-09-17 00:50:00','Ca va ?',NULL,'Aucun object',144,144,144,121),
	(32,'2013-09-17 00:50:00','2013-09-17 00:50:00','Ca va ?',NULL,'Aucun object',144,144,121,144),
	(33,'2013-09-17 01:01:36','2013-09-17 01:01:36','C\'est moi',NULL,'Aucun object',144,144,144,144),
	(34,'2013-09-17 01:01:36','2013-09-17 01:01:36','C\'est moi',NULL,'Aucun object',144,144,144,144),
	(36,'2013-09-17 01:12:00','2013-09-17 01:12:00','salut',NULL,'Aucun object',144,144,121,144),
	(38,'2013-09-17 01:20:04','2013-09-17 01:20:04','Salut',NULL,'Aucun object',144,144,121,144),
	(40,'2013-09-17 01:20:11','2013-09-17 01:20:11','Comment vas tu ?$',NULL,'Aucun object',144,144,121,144),
	(42,'2013-09-17 01:20:36','2013-09-17 01:20:37','Akon',NULL,'Aucun object',144,144,121,144),
	(43,'2013-09-17 01:26:27','2013-09-17 01:26:27','Hello',NULL,'Aucun object',144,144,144,121),
	(44,'2013-09-17 01:26:27','2013-09-17 01:26:27','Hello',NULL,'Aucun object',144,144,121,144),
	(45,'2013-09-17 01:28:12','2013-09-17 01:28:12','Saliut',NULL,'Aucun object',144,144,144,144),
	(46,'2013-09-17 01:28:12','2013-09-17 01:28:12','Saliut',NULL,'Aucun object',144,144,144,144),
	(47,'2013-09-17 01:30:41','2013-09-17 01:30:41','coucou',NULL,'Aucun object',144,144,144,121),
	(48,'2013-09-17 01:30:41','2013-09-17 01:30:42','coucou',NULL,'Aucun object',144,144,121,144),
	(49,'2013-09-17 01:31:08','2013-09-17 01:31:08','Hello tu es là ?',NULL,'Aucun object',144,144,144,122),
	(50,'2013-09-17 01:31:08','2013-09-17 01:31:08','Hello tu es là ?',NULL,'Aucun object',144,144,122,144),
	(51,'2013-09-17 01:34:53','2013-09-17 01:34:53','Salut tu vas bien ?',NULL,'Aucun object',121,121,121,144),
	(52,'2013-09-17 01:34:53','2013-09-17 01:34:53','Salut tu vas bien ?',NULL,'Aucun object',121,121,144,121),
	(53,'2013-09-17 01:35:03','2013-09-17 01:35:03','Oui très bien même',NULL,'Aucun object',121,121,121,144),
	(54,'2013-09-17 01:35:03','2013-09-17 01:35:04','Oui très bien même',NULL,'Aucun object',121,121,144,121),
	(55,'2013-09-17 01:35:17','2013-09-17 01:35:17','Ah je m\'écris',NULL,'Aucun object',121,121,121,121),
	(56,'2013-09-17 01:35:17','2013-09-17 01:35:17','Ah je m\'écris',NULL,'Aucun object',121,121,121,121),
	(57,'2013-09-17 01:36:33','2013-09-17 01:36:33','Hello',NULL,'Aucun object',121,121,121,121),
	(58,'2013-09-17 01:36:44','2013-09-17 01:36:44','C\'est plus intéligent',NULL,'Aucun object',121,121,121,121),
	(59,'2013-09-17 01:43:28','2013-09-17 01:43:28','Hello',NULL,'Aucun object',144,144,144,121),
	(60,'2013-09-17 01:43:28','2013-09-17 01:43:28','Hello',NULL,'Aucun object',144,144,121,144),
	(61,'2013-09-17 01:45:21','2013-09-17 01:45:21','Salut c\'est moi encore.',NULL,'Aucun object',144,144,144,121),
	(62,'2013-09-17 01:45:21','2013-09-17 01:45:22','Salut c\'est moi encore.',NULL,'Aucun object',144,144,121,144),
	(63,'2013-09-17 01:48:53','2013-09-17 01:48:53','Un test',NULL,'Aucun object',144,144,144,121),
	(64,'2013-09-17 01:48:53','2013-09-17 01:48:53','Un test',NULL,'Aucun object',144,144,121,144),
	(65,'2013-09-17 01:50:32','2013-09-17 01:50:34','Un test sans rien',NULL,'Aucun object',144,144,144,121),
	(66,'2013-09-17 01:50:32','2013-09-17 01:50:34','Un test sans rien',NULL,'Aucun object',144,144,121,144),
	(67,'2013-09-17 01:54:26','2013-09-17 01:54:26','Je ne comprends pas du tout!',NULL,'Aucun object',144,144,144,121),
	(68,'2013-09-17 01:54:26','2013-09-17 01:54:26','Je ne comprends pas du tout!',NULL,'Aucun object',144,144,121,144),
	(69,'2013-09-17 01:56:58','2013-09-17 01:56:59','Cheick Mahady SISSOKO Hello Alexa\'s Avatar  il y a 11 minutes Cheick Mahady SISSOKO Salut c\'est moi encore. Alexa\'s Avatar  il y a 7 minutes Cheick Mahady SISSOKO Un test Alexa\'s Avatar  il y a 6 minutes Cheick Mahady SISSOKO Un test sans rien Alexa\'s Avatar  il y a 2 minutes Cheick Mahady SISSOKO Je ne comprends pas du tout!',NULL,'Aucun object',144,144,144,121),
	(70,'2013-09-17 01:56:58','2013-09-17 01:57:00','Cheick Mahady SISSOKO Hello Alexa\'s Avatar  il y a 11 minutes Cheick Mahady SISSOKO Salut c\'est moi encore. Alexa\'s Avatar  il y a 7 minutes Cheick Mahady SISSOKO Un test Alexa\'s Avatar  il y a 6 minutes Cheick Mahady SISSOKO Un test sans rien Alexa\'s Avatar  il y a 2 minutes Cheick Mahady SISSOKO Je ne comprends pas du tout!',NULL,'Aucun object',144,144,121,144);

/*!40000 ALTER TABLE `T_MESSAGES` ENABLE KEYS */;
UNLOCK TABLES;


# Affichage de la table T_PHOTOS
# ------------------------------------------------------------

DROP TABLE IF EXISTS `T_PHOTOS`;

CREATE TABLE `T_PHOTOS` (
  `id` bigint(20) NOT NULL AUTO_INCREMENT,
  `CREATED` datetime DEFAULT NULL,
  `MODIFIED` datetime DEFAULT NULL,
  `DESCRIPTION` varchar(255) DEFAULT NULL,
  `TITLE` varchar(255) DEFAULT NULL,
  `URL` varchar(255) DEFAULT NULL,
  `modifier_id` bigint(20) DEFAULT NULL,
  PRIMARY KEY (`id`),
  KEY `FK43F232CCF3D50C72` (`modifier_id`),
  CONSTRAINT `FK43F232CCF3D50C72` FOREIGN KEY (`modifier_id`) REFERENCES `T_USERS` (`id`)
) ENGINE=InnoDB DEFAULT CHARSET=utf8;

LOCK TABLES `T_PHOTOS` WRITE;
/*!40000 ALTER TABLE `T_PHOTOS` DISABLE KEYS */;

INSERT INTO `T_PHOTOS` (`id`, `CREATED`, `MODIFIED`, `DESCRIPTION`, `TITLE`, `URL`, `modifier_id`)
VALUES
	(1,'2013-06-29 02:41:11',NULL,NULL,'90e66d3b-f85f-42ec-a7a0-8085573861f1IMG_0193.PNG','https://s3.amazonaws.com/cpd300/90e66d3b-f85f-42ec-a7a0-8085573861f1IMG_0193.PNG',NULL),
	(2,'2013-06-29 02:41:11',NULL,NULL,'b4ee91d5-e6e9-4042-a508-788b348a012celay.jpg','https://s3.amazonaws.com/cpd300/b4ee91d5-e6e9-4042-a508-788b348a012celay.jpg',NULL),
	(4,'2013-09-13 23:09:25','2013-09-13 23:09:59','Ma photo de profil est coolllllll!!!!!!','28afc5d0-b878-4d5c-82b6-1e6c5bce028bCheick.JPG','https://s3.amazonaws.com/cpd300/28afc5d0-b878-4d5c-82b6-1e6c5bce028bCheick.JPG',144),
	(5,'2013-09-13 23:54:40','2013-09-13 23:54:41','','9d7215c4-1ea3-4686-aeb6-cefc67165b2fle-role-de-jessica-alba-est-encore-inconnu.jpg','https://s3.amazonaws.com/cpd300/9d7215c4-1ea3-4686-aeb6-cefc67165b2fle-role-de-jessica-alba-est-encore-inconnu.jpg',121),
	(6,'2013-09-14 22:40:32','2013-09-14 22:40:44','La dendrite de Paris est la meilleure.','c07f015a-6e15-44a1-806f-c86b6352c37bparis.jpg','https://s3.amazonaws.com/cpd300/c07f015a-6e15-44a1-806f-c86b6352c37bparis.jpg',144);

/*!40000 ALTER TABLE `T_PHOTOS` ENABLE KEYS */;
UNLOCK TABLES;


# Affichage de la table T_POSTES
# ------------------------------------------------------------

DROP TABLE IF EXISTS `T_POSTES`;

CREATE TABLE `T_POSTES` (
  `id` bigint(20) NOT NULL AUTO_INCREMENT,
  `CREATED` datetime DEFAULT NULL,
  `MODIFIED` datetime DEFAULT NULL,
  `CODE` varchar(255) NOT NULL,
  `DESCRIPTION` varchar(255) DEFAULT NULL,
  `GENERAL` bit(1) DEFAULT NULL,
  `TITLE` varchar(255) DEFAULT NULL,
  `modifier_id` bigint(20) DEFAULT NULL,
  PRIMARY KEY (`id`),
  KEY `FK4456A799F3D50C72` (`modifier_id`),
  CONSTRAINT `FK4456A799F3D50C72` FOREIGN KEY (`modifier_id`) REFERENCES `T_USERS` (`id`)
) ENGINE=InnoDB DEFAULT CHARSET=utf8;

LOCK TABLES `T_POSTES` WRITE;
/*!40000 ALTER TABLE `T_POSTES` DISABLE KEYS */;

INSERT INTO `T_POSTES` (`id`, `CREATED`, `MODIFIED`, `CODE`, `DESCRIPTION`, `GENERAL`, `TITLE`, `modifier_id`)
VALUES
	(1,'2013-06-29 02:41:11','2013-09-13 17:45:12','bureau_prez','Laisser au soin des gens.\r\nPour faire ce qu\'il faut.',00000001,'Président',144),
	(2,'2013-06-29 02:41:11',NULL,'bureau_vp_exec','Laisser au soin des gens.',00000001,'Vice Président',NULL),
	(3,'2013-06-29 02:41:11',NULL,'trez','Laisser au soin des gens.',00000000,'Vice Président à la Trésorie et aux finances',NULL),
	(4,'2013-06-29 02:41:11',NULL,'bureau_vp_com','Laisser au soin des gens.',00000001,'Vice Président à la Communication',NULL),
	(5,'2013-06-29 02:41:11',NULL,'bureau_vp_admin','Laisser au soin des gens.',00000001,'Vice Président Administratif',NULL),
	(6,'2013-06-29 02:41:11',NULL,'bureau_vp_aap','Laisser au soin des gens.',00000001,'Vice Président Activités Académiques et Pédagogiques',NULL),
	(7,'2013-06-29 02:41:11',NULL,'bureau_vp_as','Laisser au soin des gens.',00000001,'Vice Président Affaires Socioculturelles',NULL),
	(8,'2013-06-29 02:41:11',NULL,'prez','Laisser au soin des gens.',00000000,'Président',NULL),
	(9,'2013-06-29 02:41:11',NULL,'vp_exec','Laisser au soin des gens.',00000000,'Vice Président Exécutif',NULL),
	(10,'2013-06-29 02:41:11',NULL,'vp_com','Laisser au soin des gens.',00000000,'Vice Président à la Communication',NULL),
	(11,'2013-06-29 02:41:11',NULL,'vp_admin','Laisser au soin des gens.',00000000,'Vice Président Administratif',NULL),
	(12,'2013-06-29 02:41:11',NULL,'vp_aap','Laisser au soin des gens.',00000000,'Vice Président Activités Académiques et Pédagogiques',NULL),
	(13,'2013-06-29 02:41:11',NULL,'vp_as','Laisser au soin des gens.',00000000,'Vice Président Affaires Socioculturelles',NULL);

/*!40000 ALTER TABLE `T_POSTES` ENABLE KEYS */;
UNLOCK TABLES;


# Affichage de la table T_RIGHTS
# ------------------------------------------------------------

DROP TABLE IF EXISTS `T_RIGHTS`;

CREATE TABLE `T_RIGHTS` (
  `id` bigint(20) NOT NULL AUTO_INCREMENT,
  `CREATED` datetime DEFAULT NULL,
  `MODIFIED` datetime DEFAULT NULL,
  `CODE` varchar(255) NOT NULL,
  `DESCRIPTION` varchar(255) DEFAULT NULL,
  `modifier_id` bigint(20) DEFAULT NULL,
  `visibility_id` bigint(20) DEFAULT NULL,
  PRIMARY KEY (`id`),
  UNIQUE KEY `CODE` (`CODE`),
  KEY `FK47662C22B2118A9E` (`visibility_id`),
  KEY `FK47662C22F3D50C72` (`modifier_id`),
  CONSTRAINT `FK47662C22B2118A9E` FOREIGN KEY (`visibility_id`) REFERENCES `T_VISIBILITIES` (`id`),
  CONSTRAINT `FK47662C22F3D50C72` FOREIGN KEY (`modifier_id`) REFERENCES `T_USERS` (`id`)
) ENGINE=InnoDB DEFAULT CHARSET=utf8;

LOCK TABLES `T_RIGHTS` WRITE;
/*!40000 ALTER TABLE `T_RIGHTS` DISABLE KEYS */;

INSERT INTO `T_RIGHTS` (`id`, `CREATED`, `MODIFIED`, `CODE`, `DESCRIPTION`, `modifier_id`, `visibility_id`)
VALUES
	(1,'2013-06-29 02:41:10',NULL,'EDIT_USER','Permet la modification des utilisateurs.',NULL,NULL),
	(2,'2013-06-29 02:41:10',NULL,'DELETE_USER','Permet la suppression des utilisateurs.',NULL,NULL),
	(3,'2013-06-29 02:41:10',NULL,'CREATE_USER','Permet la création des utilisateurs.',NULL,NULL),
	(4,'2013-06-29 02:41:10',NULL,'CREATE_ROLE','Permet la création des rôles.',NULL,NULL),
	(5,'2013-06-29 02:41:10',NULL,'EDIT_ROLE','Permet la modification des rôles.',NULL,NULL),
	(6,'2013-06-29 02:41:10',NULL,'DELETE_ROLE','Permet la suppression des rôles.',NULL,NULL),
	(7,'2013-06-29 02:41:10',NULL,'CREATE_DENDRITE','Permet la création des dendrites.',NULL,NULL),
	(8,'2013-06-29 02:41:10',NULL,'EDIT_DENDRITE','Permet la modification des dendrites.',NULL,NULL),
	(9,'2013-06-29 02:41:10',NULL,'DELETE_DENDRITE','Permet la suppression des dendrites.',NULL,NULL),
	(10,'2013-06-29 02:41:10',NULL,'REMOVE_ROLE_FROM_USER','Permet enlève un rôle d\'un utilisateur.',NULL,NULL),
	(11,'2013-06-29 02:41:10',NULL,'ADD_ROLE_TO_USER','Permet l\'ajout d\'un rôle d\'un utilisateur.',NULL,NULL),
	(12,'2013-06-29 02:41:10',NULL,'REMOVE_RIGHT_FROM_ROLE','Permet enlève un droit d\'un rôle.',NULL,NULL),
	(13,'2013-06-29 02:41:10',NULL,'ADD_RIGHT_TO_ROLE','Permet l\'ajout d\'un rôle d\'un utilisateur.',NULL,NULL),
	(14,'2013-06-29 02:41:10',NULL,'REMOVE_USER_FROM_DENDRITE','Permet enlève un utilisateur d\'une dendrite.',NULL,NULL),
	(15,'2013-06-29 02:41:10',NULL,'ADD_USER_TO_DENDRITE','Permet l\'ajout d\'un utilsateur dans une dendrite.',NULL,NULL),
	(16,'2013-06-29 02:41:10',NULL,'REMOVE_USER_FROM_MY_DENDRITE','Permet enlève un utilisateur de sa dendrite.',NULL,NULL),
	(17,'2013-06-29 02:41:10',NULL,'ADD_USER_TO_MY_DENDRITE','Permet l\'ajout d\'un utilsateur dans sa dendrite.',NULL,NULL),
	(18,'2013-06-29 02:41:10',NULL,'ADD_AND_REMOVE_ROLE_USER','L\'ajout et suppression d\'un rôle de l\'utilisateur.',NULL,NULL),
	(19,'2013-06-29 02:41:10',NULL,'ADD_AND_REMOVE_RIGHT_ROLE','L\'ajout et suppression d\'un droit d\'un rôle.',NULL,NULL),
	(20,'2013-06-29 02:41:10',NULL,'EDIT_EVENT','Permet la modification des évènements.',NULL,NULL),
	(21,'2013-06-29 02:41:11',NULL,'DELETE_EVENT','Permet la suppression des évènements.',NULL,NULL),
	(22,'2013-06-29 02:41:11',NULL,'EDIT_MY_EVENT','Permet la modification des évènements de sa dendrite.',NULL,NULL),
	(23,'2013-06-29 02:41:11',NULL,'DELETE_MY_EVENT','Permet la suppression des évènements de sa dendrite.',NULL,NULL),
	(24,'2013-06-29 02:41:11',NULL,'EDIT_ARTICLE','Permet la modification des articles.',NULL,NULL),
	(25,'2013-06-29 02:41:11',NULL,'DELETE_ARTICLE','Permet la suppression des articles.',NULL,NULL),
	(26,'2013-06-29 02:41:11',NULL,'EDIT_MY_ARTICLE','Permet la modification des articles de sa dendrite.',NULL,NULL),
	(27,'2013-06-29 02:41:11',NULL,'DELETE_MY_ARTICLE','Permet la suppression des articles de sa dendrite.',NULL,NULL),
	(28,'2013-06-29 02:41:11',NULL,'EDIT_ANNOUNCE','Permet la modification des announces.',NULL,NULL),
	(29,'2013-06-29 02:41:11',NULL,'DELETE_ANNOUNCE','Permet la suppression des announces.',NULL,NULL),
	(30,'2013-06-29 02:41:11',NULL,'EDIT_MY_ANNOUNCE','Permet la modification des announces.',NULL,NULL),
	(31,'2013-06-29 02:41:11',NULL,'DELETE_MY_ANNOUNCE','Permet la suppression des announces de la dendrite de l\'utilisateur.',NULL,NULL),
	(32,'2013-06-29 02:41:11',NULL,'ACCESS_ADMIN','Permet l\'accès à l\'administration.',NULL,NULL),
	(33,'2013-06-29 02:41:11',NULL,'CREATE_ELECTION','Permet de créer une élection.',NULL,NULL),
	(34,'2013-06-29 02:41:11',NULL,'EDIT_ELECTION','Permet de modifier une élection.',NULL,NULL),
	(35,'2013-06-29 02:41:11',NULL,'DELETE_ELECTION','Permet de supprimer une élection.',NULL,NULL),
	(36,'2013-06-29 02:41:11',NULL,'CREATE_CANDIDATURE','Permet de créer une candidature.',NULL,NULL),
	(37,'2013-06-29 02:41:11',NULL,'CREATE_MY_CANDIDATURE','Permet de créer une candidature dans sa dendrite.',NULL,NULL),
	(38,'2013-06-29 02:41:11',NULL,'EDIT_CANDIDATURE','Permet de modifier une candidature.',NULL,NULL),
	(39,'2013-06-29 02:41:11',NULL,'EDIT_MY_CANDIDATURE','Permet de modifier une candidature dans sa dendrite.',NULL,NULL),
	(40,'2013-06-29 02:41:11',NULL,'DELETE_CANDIDATURE','Permet de supprimer une candidature.',NULL,NULL),
	(41,'2013-06-29 02:41:11',NULL,'EDIT_MY_ELECTION','Permet de modifier l\'élection de la dendrite de l\'utilisateur.',NULL,NULL),
	(42,'2013-06-29 02:41:11',NULL,'CREATE_MY_ELECTION','Permet de créer l\'élection de la dendrite de l\'utilisateur.',NULL,NULL),
	(43,'2013-06-29 02:41:11',NULL,'DELETE_MY_ELECTION','Permet de supprimer une élection dans sa dendrite.',NULL,NULL),
	(44,'2013-06-29 02:41:11',NULL,'ADD_AND_REMOVE_USER_TO_DENDRITE','Permet d\'ajouter ou d\'enléver un utilisateur d\'une dendrite.',NULL,NULL),
	(45,'2013-06-29 02:41:11',NULL,'ADD_AND_REMOVE_POSTE_TO_DENDRITE','Permet d\'ajouter ou d\'enléver un poste d\'une dendrite.',NULL,NULL),
	(46,'2013-06-29 02:41:11',NULL,'ADD_AND_REMOVE_ROLE_TO_POSTE','Permet d\'ajouter ou d\'enléver un rôle d\'un poste.',NULL,NULL),
	(47,'2013-06-29 02:41:11',NULL,'DELETE_POSTE','Permet de supprimer un poste.',NULL,NULL),
	(48,'2013-06-29 02:41:11',NULL,'EDIT_POSTE','Permet de modifier un poste.',NULL,NULL),
	(49,'2013-09-17 02:38:40','2013-09-17 02:38:40','CREATE_EVENT',NULL,NULL,NULL),
	(50,'2013-09-17 02:38:41','2013-09-17 02:38:41','CREATE_RIGHT',NULL,NULL,NULL),
	(51,'2013-09-17 02:38:41','2013-09-17 02:38:41','CREATE_MY_EVENT',NULL,NULL,NULL),
	(52,'2013-09-17 02:38:41','2013-09-17 02:38:41','EDIT_MY_DENDRITE',NULL,NULL,NULL),
	(53,'2013-09-17 02:38:41','2013-09-17 02:38:41','EDIT_MY_USER',NULL,NULL,NULL),
	(54,'2013-09-17 02:38:41','2013-09-17 02:38:41','EDIT_MY_POSTE',NULL,NULL,NULL),
	(55,'2013-09-17 02:38:41','2013-09-17 02:38:41','ENABLE_DESABLE_USER',NULL,NULL,NULL);

/*!40000 ALTER TABLE `T_RIGHTS` ENABLE KEYS */;
UNLOCK TABLES;


# Affichage de la table T_ROLES
# ------------------------------------------------------------

DROP TABLE IF EXISTS `T_ROLES`;

CREATE TABLE `T_ROLES` (
  `id` bigint(20) NOT NULL AUTO_INCREMENT,
  `CREATED` datetime DEFAULT NULL,
  `MODIFIED` datetime DEFAULT NULL,
  `CODE` varchar(255) NOT NULL,
  `DESCRIPTION` varchar(255) DEFAULT NULL,
  `modifier_id` bigint(20) DEFAULT NULL,
  PRIMARY KEY (`id`),
  UNIQUE KEY `CODE` (`CODE`),
  KEY `FK2506AF2F3D50C72` (`modifier_id`),
  CONSTRAINT `FK2506AF2F3D50C72` FOREIGN KEY (`modifier_id`) REFERENCES `T_USERS` (`id`)
) ENGINE=InnoDB DEFAULT CHARSET=utf8;

LOCK TABLES `T_ROLES` WRITE;
/*!40000 ALTER TABLE `T_ROLES` DISABLE KEYS */;

INSERT INTO `T_ROLES` (`id`, `CREATED`, `MODIFIED`, `CODE`, `DESCRIPTION`, `modifier_id`)
VALUES
	(1,'2013-06-29 02:41:11','2013-09-13 23:42:37','SUPER_USER','Le rôle super utilisateur.',144),
	(2,'2013-06-29 02:41:11',NULL,'MODERATOR','Le rôle modérateur.',NULL),
	(3,'2013-06-29 02:41:11',NULL,'PRESIDENT','Le rôle président.',NULL);

/*!40000 ALTER TABLE `T_ROLES` ENABLE KEYS */;
UNLOCK TABLES;


# Affichage de la table T_SKILLS
# ------------------------------------------------------------

DROP TABLE IF EXISTS `T_SKILLS`;

CREATE TABLE `T_SKILLS` (
  `id` bigint(20) NOT NULL AUTO_INCREMENT,
  `CREATED` datetime DEFAULT NULL,
  `MODIFIED` datetime DEFAULT NULL,
  `COMMENT` varchar(255) DEFAULT NULL,
  `DOMAIN` varchar(255) DEFAULT NULL,
  `modifier_id` bigint(20) DEFAULT NULL,
  `cv_id` bigint(20) DEFAULT NULL,
  PRIMARY KEY (`id`),
  KEY `FK49382A8DDBD2534C` (`cv_id`),
  KEY `FK49382A8DF3D50C72` (`modifier_id`),
  CONSTRAINT `FK49382A8DDBD2534C` FOREIGN KEY (`cv_id`) REFERENCES `T_CVS` (`id`),
  CONSTRAINT `FK49382A8DF3D50C72` FOREIGN KEY (`modifier_id`) REFERENCES `T_USERS` (`id`)
) ENGINE=InnoDB DEFAULT CHARSET=utf8;

LOCK TABLES `T_SKILLS` WRITE;
/*!40000 ALTER TABLE `T_SKILLS` DISABLE KEYS */;

INSERT INTO `T_SKILLS` (`id`, `CREATED`, `MODIFIED`, `COMMENT`, `DOMAIN`, `modifier_id`, `cv_id`)
VALUES
	(1,'2013-09-12 12:33:59',NULL,'Pas de commentaire.','Informatique',NULL,144),
	(2,'2013-09-12 17:27:08','2013-09-12 17:27:08','JAVA HTML JSF PHP','Web',144,144),
	(4,'2013-09-12 17:37:50','2013-09-12 17:37:50','Ceci est un test.','Test',144,144);

/*!40000 ALTER TABLE `T_SKILLS` ENABLE KEYS */;
UNLOCK TABLES;


# Affichage de la table T_USERS
# ------------------------------------------------------------

DROP TABLE IF EXISTS `T_USERS`;

CREATE TABLE `T_USERS` (
  `id` bigint(20) NOT NULL AUTO_INCREMENT,
  `CREATED` datetime DEFAULT NULL,
  `MODIFIED` datetime DEFAULT NULL,
  `ACTIVE` bit(1) DEFAULT NULL,
  `BIRTHDAY` datetime DEFAULT NULL,
  `BOURSIER` bit(1) DEFAULT NULL,
  `CIVILITY` varchar(255) DEFAULT NULL,
  `CONFIRM` varchar(255) DEFAULT NULL,
  `EMAIL` varchar(255) NOT NULL,
  `FIRST_NAME` varchar(255) NOT NULL,
  `LAST_NAME` varchar(255) NOT NULL,
  `PASSWORD` varchar(255) DEFAULT NULL,
  `PWDT` varchar(255) DEFAULT NULL,
  `PROMOTION` int(11) DEFAULT NULL,
  `modifier_id` bigint(20) DEFAULT NULL,
  `cv_id` bigint(20) DEFAULT NULL,
  `dendrite_id` bigint(20) DEFAULT NULL,
  `photo_id` bigint(20) DEFAULT NULL,
  `EMAIL_REDIRECT` varchar(255) DEFAULT NULL,
  PRIMARY KEY (`id`),
  UNIQUE KEY `EMAIL` (`EMAIL`),
  KEY `FK27C6A3DEBA3847E` (`dendrite_id`),
  KEY `FK27C6A3DDBD2534C` (`cv_id`),
  KEY `FK27C6A3DF3D50C72` (`modifier_id`),
  KEY `FK27C6A3D5F0BDBD6` (`photo_id`),
  KEY `USER_EMAIL` (`EMAIL`),
  CONSTRAINT `FK27C6A3D5F0BDBD6` FOREIGN KEY (`photo_id`) REFERENCES `T_PHOTOS` (`id`),
  CONSTRAINT `FK27C6A3DDBD2534C` FOREIGN KEY (`cv_id`) REFERENCES `T_CVS` (`id`),
  CONSTRAINT `FK27C6A3DEBA3847E` FOREIGN KEY (`dendrite_id`) REFERENCES `T_DENDRITES` (`id`),
  CONSTRAINT `FK27C6A3DF3D50C72` FOREIGN KEY (`modifier_id`) REFERENCES `T_USERS` (`id`)
) ENGINE=InnoDB DEFAULT CHARSET=utf8;

LOCK TABLES `T_USERS` WRITE;
/*!40000 ALTER TABLE `T_USERS` DISABLE KEYS */;

INSERT INTO `T_USERS` (`id`, `CREATED`, `MODIFIED`, `ACTIVE`, `BIRTHDAY`, `BOURSIER`, `CIVILITY`, `CONFIRM`, `EMAIL`, `FIRST_NAME`, `LAST_NAME`, `PASSWORD`, `PWDT`, `PROMOTION`, `modifier_id`, `cv_id`, `dendrite_id`, `photo_id`, `EMAIL_REDIRECT`)
VALUES
	(1,'2013-06-29 02:41:12',NULL,00000001,'2000-10-01 02:00:00',00000001,'MONSIEUR',NULL,'aboubacar.cisse2000@cpd-mali.com','Aboubacar','CISSE','$2a$10$p847g9AkUFuSbYDy8.XeQeUTWMQBMqps82JOmYtPZb.as6rKKNSSi',NULL,2000,NULL,1,NULL,NULL,NULL),
	(2,'2013-06-29 02:41:12',NULL,00000001,'2000-10-01 02:00:00',00000001,'MONSIEUR',NULL,'daouda.coulibaly2000@cpd-mali.com','Daouda','COULIBALY','$2a$10$p847g9AkUFuSbYDy8.XeQeUTWMQBMqps82JOmYtPZb.as6rKKNSSi',NULL,2000,NULL,2,NULL,NULL,NULL),
	(3,'2013-06-29 02:41:12',NULL,00000001,'2000-10-01 02:00:00',00000001,'MADAME',NULL,'sadio.diakite2000@cpd-mali.com','Sadio','DIAKITE','$2a$10$p847g9AkUFuSbYDy8.XeQeUTWMQBMqps82JOmYtPZb.as6rKKNSSi',NULL,2000,NULL,3,NULL,NULL,NULL),
	(4,'2013-06-29 02:41:12',NULL,00000001,'2000-10-01 02:00:00',00000001,'MONSIEUR',NULL,'soumaila.doumbia2000@cpd-mali.com','Soumaïla','DOUMBIA','$2a$10$p847g9AkUFuSbYDy8.XeQeUTWMQBMqps82JOmYtPZb.as6rKKNSSi',NULL,2000,NULL,4,NULL,NULL,NULL),
	(5,'2013-06-29 02:41:12',NULL,00000001,'2000-10-01 02:00:00',00000001,'MONSIEUR',NULL,'brehima.kamena2000@cpd-mali.com','Brehima','KAMENA','$2a$10$p847g9AkUFuSbYDy8.XeQeUTWMQBMqps82JOmYtPZb.as6rKKNSSi',NULL,2000,NULL,5,NULL,NULL,NULL),
	(6,'2013-06-29 02:41:12',NULL,00000001,'2000-10-01 02:00:00',00000001,'MONSIEUR',NULL,'cheick.keita2000bis@cpd-mali.com','Cheick','KEITA','$2a$10$p847g9AkUFuSbYDy8.XeQeUTWMQBMqps82JOmYtPZb.as6rKKNSSi',NULL,2000,NULL,6,NULL,NULL,NULL),
	(7,'2013-06-29 02:41:12',NULL,00000001,'2000-10-01 02:00:00',00000001,'MONSIEUR',NULL,'yaya.koloma2000@cpd-mali.com','Yaya','KOLOMA','$2a$10$p847g9AkUFuSbYDy8.XeQeUTWMQBMqps82JOmYtPZb.as6rKKNSSi',NULL,2000,NULL,7,NULL,NULL,NULL),
	(8,'2013-06-29 02:41:12',NULL,00000001,'2000-10-01 02:00:00',00000001,'MONSIEUR',NULL,'amadou.kone2000@cpd-mali.com','Amadou','KONE','$2a$10$p847g9AkUFuSbYDy8.XeQeUTWMQBMqps82JOmYtPZb.as6rKKNSSi',NULL,2000,NULL,8,NULL,NULL,NULL),
	(9,'2013-06-29 02:41:12',NULL,00000001,'2000-10-01 02:00:00',00000001,'MONSIEUR',NULL,'djibril.kone2000@cpd-mali.com','Djibril','KONE','$2a$10$p847g9AkUFuSbYDy8.XeQeUTWMQBMqps82JOmYtPZb.as6rKKNSSi',NULL,2000,NULL,9,NULL,NULL,NULL),
	(10,'2013-06-29 02:41:12',NULL,00000001,'2000-10-01 02:00:00',00000001,'MONSIEUR',NULL,'salif.kone-2000@cpd-mali.com','Salif','KONE','$2a$10$p847g9AkUFuSbYDy8.XeQeUTWMQBMqps82JOmYtPZb.as6rKKNSSi',NULL,2000,NULL,10,NULL,NULL,NULL),
	(11,'2013-06-29 02:41:12',NULL,00000001,'2000-10-01 02:00:00',00000001,'MADAME',NULL,'diaminatou.ly2000@cpd-mali.com','Diaminatou','LY','$2a$10$p847g9AkUFuSbYDy8.XeQeUTWMQBMqps82JOmYtPZb.as6rKKNSSi',NULL,2000,NULL,11,NULL,NULL,NULL),
	(12,'2013-06-29 02:41:12',NULL,00000001,'2000-10-01 02:00:00',00000001,'MADAME',NULL,'sira.macalou2000@cpd-mali.com','Sira','MACALOU','$2a$10$p847g9AkUFuSbYDy8.XeQeUTWMQBMqps82JOmYtPZb.as6rKKNSSi',NULL,2000,NULL,12,NULL,NULL,NULL),
	(13,'2013-06-29 02:41:12',NULL,00000001,'2000-10-01 02:00:00',00000001,'MONSIEUR',NULL,'cheick-oumar.maiga2000@cpd-mali.com','Cheick Oumar','MAIGA','$2a$10$p847g9AkUFuSbYDy8.XeQeUTWMQBMqps82JOmYtPZb.as6rKKNSSi',NULL,2000,NULL,13,NULL,NULL,NULL),
	(14,'2013-06-29 02:41:12',NULL,00000001,'2000-10-01 02:00:00',00000001,'MONSIEUR',NULL,'boubacar.mariko2000@cpd-mali.com','Boubacar','MARIKO','$2a$10$p847g9AkUFuSbYDy8.XeQeUTWMQBMqps82JOmYtPZb.as6rKKNSSi',NULL,2000,NULL,14,NULL,NULL,NULL),
	(15,'2013-06-29 02:41:12',NULL,00000001,'2000-10-01 02:00:00',00000001,'MADAME',NULL,'fanta.sow2000@cpd-mali.com','Fanta','SOW','$2a$10$p847g9AkUFuSbYDy8.XeQeUTWMQBMqps82JOmYtPZb.as6rKKNSSi',NULL,2000,NULL,15,NULL,NULL,NULL),
	(16,'2013-06-29 02:41:12',NULL,00000001,'2000-10-01 02:00:00',00000001,'MONSIEUR',NULL,'moussa.tembely2000@cpd-mali.com','Moussa','TEMBELY','$2a$10$p847g9AkUFuSbYDy8.XeQeUTWMQBMqps82JOmYtPZb.as6rKKNSSi',NULL,2000,NULL,16,NULL,NULL,NULL),
	(17,'2013-06-29 02:41:12',NULL,00000001,'2000-10-01 02:00:00',00000001,'MONSIEUR',NULL,'daouda-a.-k..traore2000@cpd-mali.com','Daouda A. K.','TRAORE','$2a$10$p847g9AkUFuSbYDy8.XeQeUTWMQBMqps82JOmYtPZb.as6rKKNSSi',NULL,2000,NULL,17,NULL,NULL,NULL),
	(18,'2013-06-29 02:41:12',NULL,00000001,'2000-10-01 02:00:00',00000001,'MONSIEUR',NULL,'daouda.traore2000@cpd-mali.com','Daouda','TRAORE','$2a$10$p847g9AkUFuSbYDy8.XeQeUTWMQBMqps82JOmYtPZb.as6rKKNSSi',NULL,2000,NULL,18,NULL,NULL,NULL),
	(19,'2013-06-29 02:41:12',NULL,00000001,'2000-10-01 02:00:00',00000001,'MONSIEUR',NULL,'cheick.keita2000@cpd-mali.com','Cheick','KEITA','$2a$10$p847g9AkUFuSbYDy8.XeQeUTWMQBMqps82JOmYtPZb.as6rKKNSSi',NULL,2000,NULL,19,NULL,NULL,NULL),
	(20,'2013-06-29 02:41:12',NULL,00000001,'2001-10-01 02:00:00',00000001,'MONSIEUR',NULL,'abdoulaye-zana.bagayoko2001@cpd-mali.com','Abdoulaye Zana','BAGAYOKO','$2a$10$p847g9AkUFuSbYDy8.XeQeUTWMQBMqps82JOmYtPZb.as6rKKNSSi',NULL,2001,NULL,20,NULL,NULL,NULL),
	(21,'2013-06-29 02:41:12',NULL,00000001,'2001-10-01 02:00:00',00000001,'MONSIEUR',NULL,'fousseynou.bah2001@cpd-mali.com','Fousseynou','BAH','$2a$10$p847g9AkUFuSbYDy8.XeQeUTWMQBMqps82JOmYtPZb.as6rKKNSSi',NULL,2001,NULL,21,NULL,NULL,NULL),
	(22,'2013-06-29 02:41:12',NULL,00000001,'2001-10-01 02:00:00',00000001,'MADAME',NULL,'fatoumata-goundo.camara2001@cpd-mali.com','Fatoumata Goundo','CAMARA','$2a$10$p847g9AkUFuSbYDy8.XeQeUTWMQBMqps82JOmYtPZb.as6rKKNSSi',NULL,2001,NULL,22,NULL,NULL,NULL),
	(23,'2013-06-29 02:41:12',NULL,00000001,'2001-10-01 02:00:00',00000001,'MONSIEUR',NULL,'abdoul-karim.cisse2001@cpd-mali.com','Abdoul Karim','CISSE','$2a$10$p847g9AkUFuSbYDy8.XeQeUTWMQBMqps82JOmYtPZb.as6rKKNSSi',NULL,2001,NULL,23,NULL,NULL,NULL),
	(24,'2013-06-29 02:41:12',NULL,00000001,'2001-10-01 02:00:00',00000001,'MADAME',NULL,'awa.dembele2001@cpd-mali.com','Awa','DEMBELE','$2a$10$p847g9AkUFuSbYDy8.XeQeUTWMQBMqps82JOmYtPZb.as6rKKNSSi',NULL,2001,NULL,24,NULL,NULL,NULL),
	(25,'2013-06-29 02:41:13',NULL,00000001,'2001-10-01 02:00:00',00000001,'MADAME',NULL,'mariam.dibo2001@cpd-mali.com','Mariam','DIBO','$2a$10$p847g9AkUFuSbYDy8.XeQeUTWMQBMqps82JOmYtPZb.as6rKKNSSi',NULL,2001,NULL,25,NULL,NULL,NULL),
	(26,'2013-06-29 02:41:13',NULL,00000001,'2001-10-01 02:00:00',00000001,'MONSIEUR',NULL,'fassely.doumbia2001@cpd-mali.com','Fassely','DOUMBIA','$2a$10$p847g9AkUFuSbYDy8.XeQeUTWMQBMqps82JOmYtPZb.as6rKKNSSi',NULL,2001,NULL,26,NULL,NULL,NULL),
	(27,'2013-06-29 02:41:13',NULL,00000001,'2001-10-01 02:00:00',00000001,'MONSIEUR',NULL,'daouda.fabe2001@cpd-mali.com','Daouda','FABE','$2a$10$p847g9AkUFuSbYDy8.XeQeUTWMQBMqps82JOmYtPZb.as6rKKNSSi',NULL,2001,NULL,27,NULL,NULL,NULL),
	(28,'2013-06-29 02:41:13',NULL,00000001,'2001-10-01 02:00:00',00000001,'MONSIEUR',NULL,'cheick-oumar.haidara2001@cpd-mali.com','Cheick Oumar','HAIDARA','$2a$10$p847g9AkUFuSbYDy8.XeQeUTWMQBMqps82JOmYtPZb.as6rKKNSSi',NULL,2001,NULL,28,NULL,NULL,NULL),
	(29,'2013-06-29 02:41:13',NULL,00000001,'2001-10-01 02:00:00',00000001,'MADAME',NULL,'mariam.haidara2001@cpd-mali.com','Mariam','HAIDARA','$2a$10$p847g9AkUFuSbYDy8.XeQeUTWMQBMqps82JOmYtPZb.as6rKKNSSi',NULL,2001,NULL,29,NULL,NULL,NULL),
	(30,'2013-06-29 02:41:13',NULL,00000001,'2001-10-01 02:00:00',00000001,'MADAME',NULL,'aissata.keita2001@cpd-mali.com','Aïssata','KEITA','$2a$10$p847g9AkUFuSbYDy8.XeQeUTWMQBMqps82JOmYtPZb.as6rKKNSSi',NULL,2001,NULL,30,NULL,NULL,NULL),
	(31,'2013-06-29 02:41:13',NULL,00000001,'2001-10-01 02:00:00',00000001,'MADAME',NULL,'kadidia.keita2001@cpd-mali.com','Kadidia','KEITA','$2a$10$p847g9AkUFuSbYDy8.XeQeUTWMQBMqps82JOmYtPZb.as6rKKNSSi',NULL,2001,NULL,31,NULL,NULL,NULL),
	(32,'2013-06-29 02:41:13',NULL,00000001,'2001-10-01 02:00:00',00000001,'MADAME',NULL,'jacqueline.konate2001@cpd-mali.com','Jacqueline','KONATE','$2a$10$p847g9AkUFuSbYDy8.XeQeUTWMQBMqps82JOmYtPZb.as6rKKNSSi',NULL,2001,NULL,32,NULL,NULL,NULL),
	(33,'2013-06-29 02:41:13',NULL,00000001,'2001-10-01 02:00:00',00000001,'MONSIEUR',NULL,'issiaka.kone2001@cpd-mali.com','Issiaka','KONE','$2a$10$p847g9AkUFuSbYDy8.XeQeUTWMQBMqps82JOmYtPZb.as6rKKNSSi',NULL,2001,NULL,33,NULL,NULL,NULL),
	(34,'2013-06-29 02:41:13',NULL,00000001,'2001-10-01 02:00:00',00000001,'MONSIEUR',NULL,'timothe.kouriba2001@cpd-mali.com','Timothé','KOURIBA','$2a$10$p847g9AkUFuSbYDy8.XeQeUTWMQBMqps82JOmYtPZb.as6rKKNSSi',NULL,2001,NULL,34,NULL,NULL,NULL),
	(35,'2013-06-29 02:41:13',NULL,00000001,'2001-10-01 02:00:00',00000001,'MADAME',NULL,'fatoumata-bintou.santara2001@cpd-mali.com','Fatoumata Bintou','SANTARA','$2a$10$p847g9AkUFuSbYDy8.XeQeUTWMQBMqps82JOmYtPZb.as6rKKNSSi',NULL,2001,NULL,35,NULL,NULL,NULL),
	(36,'2013-06-29 02:41:13',NULL,00000001,'2001-10-01 02:00:00',00000001,'MONSIEUR',NULL,'amadou.sow2001@cpd-mali.com','Amadou','SOW','$2a$10$p847g9AkUFuSbYDy8.XeQeUTWMQBMqps82JOmYtPZb.as6rKKNSSi',NULL,2001,NULL,36,NULL,NULL,NULL),
	(37,'2013-06-29 02:41:13',NULL,00000001,'2001-10-01 02:00:00',00000001,'MONSIEUR',NULL,'hamidou.tembine2001@cpd-mali.com','Hamidou','TEMBINE','$2a$10$p847g9AkUFuSbYDy8.XeQeUTWMQBMqps82JOmYtPZb.as6rKKNSSi',NULL,2001,NULL,37,NULL,NULL,NULL),
	(38,'2013-06-29 02:41:13',NULL,00000001,'2001-10-01 02:00:00',00000001,'MONSIEUR',NULL,'mahamadou.toure2001@cpd-mali.com','Mahamadou','TOURE','$2a$10$p847g9AkUFuSbYDy8.XeQeUTWMQBMqps82JOmYtPZb.as6rKKNSSi',NULL,2001,NULL,38,NULL,NULL,NULL),
	(39,'2013-06-29 02:41:13',NULL,00000001,'2001-10-01 02:00:00',00000001,'MADAME',NULL,'binta.traore2001@cpd-mali.com','Binta','TRAORE','$2a$10$p847g9AkUFuSbYDy8.XeQeUTWMQBMqps82JOmYtPZb.as6rKKNSSi',NULL,2001,NULL,39,NULL,NULL,NULL),
	(40,'2013-06-29 02:41:13',NULL,00000001,'2001-10-01 02:00:00',00000001,'MONSIEUR',NULL,'nouhoum-bouya.traore2001@cpd-mali.com','Nouhoum Bouya','TRAORE','$2a$10$p847g9AkUFuSbYDy8.XeQeUTWMQBMqps82JOmYtPZb.as6rKKNSSi',NULL,2001,NULL,40,NULL,NULL,NULL),
	(41,'2013-06-29 02:41:13',NULL,00000001,'2001-10-01 02:00:00',00000001,'MONSIEUR',NULL,'olivier.traore2001@cpd-mali.com','Olivier','TRAORE','$2a$10$p847g9AkUFuSbYDy8.XeQeUTWMQBMqps82JOmYtPZb.as6rKKNSSi',NULL,2001,NULL,41,NULL,NULL,NULL),
	(42,'2013-06-29 02:41:13',NULL,00000001,'2002-10-01 02:00:00',00000001,'MADAME',NULL,'djeneb.camara2002@cpd-mali.com','Djeneb','CAMARA','$2a$10$p847g9AkUFuSbYDy8.XeQeUTWMQBMqps82JOmYtPZb.as6rKKNSSi',NULL,2002,NULL,42,NULL,NULL,NULL),
	(43,'2013-06-29 02:41:13',NULL,00000001,'2002-10-01 02:00:00',00000001,'MONSIEUR',NULL,'abdoul-kader.kassambara2002@cpd-mali.com','Abdoul Kader','KASSAMBARA','$2a$10$p847g9AkUFuSbYDy8.XeQeUTWMQBMqps82JOmYtPZb.as6rKKNSSi',NULL,2002,NULL,43,NULL,NULL,NULL),
	(44,'2013-06-29 02:41:13',NULL,00000001,'2002-10-01 02:00:00',00000001,'MONSIEUR',NULL,'moussa.konate2002@cpd-mali.com','Moussa','KONATE','$2a$10$p847g9AkUFuSbYDy8.XeQeUTWMQBMqps82JOmYtPZb.as6rKKNSSi',NULL,2002,NULL,44,NULL,NULL,NULL),
	(45,'2013-06-29 02:41:13',NULL,00000001,'2002-10-01 02:00:00',00000001,'MONSIEUR',NULL,'ishaka.lah2002@cpd-mali.com','Ishaka','LAH','$2a$10$p847g9AkUFuSbYDy8.XeQeUTWMQBMqps82JOmYtPZb.as6rKKNSSi',NULL,2002,NULL,45,NULL,NULL,NULL),
	(46,'2013-06-29 02:41:13',NULL,00000001,'2002-10-01 02:00:00',00000001,'MADAME',NULL,'arhamatoulaye-.maiga2002@cpd-mali.com','Arhamatoulaye','MAIGA','$2a$10$p847g9AkUFuSbYDy8.XeQeUTWMQBMqps82JOmYtPZb.as6rKKNSSi',NULL,2002,NULL,46,NULL,NULL,NULL),
	(47,'2013-06-29 02:41:13',NULL,00000001,'2002-10-01 02:00:00',00000001,'MADAME',NULL,'alimata.samake2002@cpd-mali.com','Alimata','SAMAKE','$2a$10$p847g9AkUFuSbYDy8.XeQeUTWMQBMqps82JOmYtPZb.as6rKKNSSi',NULL,2002,NULL,47,NULL,NULL,NULL),
	(48,'2013-06-29 02:41:13',NULL,00000001,'2002-10-01 02:00:00',00000001,'MADAME',NULL,'mariam.sangare2002@cpd-mali.com','Mariam','SANGARE','$2a$10$p847g9AkUFuSbYDy8.XeQeUTWMQBMqps82JOmYtPZb.as6rKKNSSi',NULL,2002,NULL,48,NULL,NULL,NULL),
	(49,'2013-06-29 02:41:13',NULL,00000001,'2002-10-01 02:00:00',00000001,'MADAME',NULL,'welore.tamboura2002@cpd-mali.com','Weloré','TAMBOURA','$2a$10$p847g9AkUFuSbYDy8.XeQeUTWMQBMqps82JOmYtPZb.as6rKKNSSi',NULL,2002,NULL,49,NULL,NULL,NULL),
	(50,'2013-06-29 02:41:13',NULL,00000001,'2002-10-01 02:00:00',00000001,'MONSIEUR',NULL,'salif.tembely2002@cpd-mali.com','Salif','TEMBELY','$2a$10$p847g9AkUFuSbYDy8.XeQeUTWMQBMqps82JOmYtPZb.as6rKKNSSi',NULL,2002,NULL,50,NULL,NULL,NULL),
	(51,'2013-06-29 02:41:13',NULL,00000001,'2002-10-01 02:00:00',00000001,'MONSIEUR',NULL,'mamadou.toungara2002@cpd-mali.com','Mamadou','TOUNGARA','$2a$10$p847g9AkUFuSbYDy8.XeQeUTWMQBMqps82JOmYtPZb.as6rKKNSSi',NULL,2002,NULL,51,NULL,NULL,NULL),
	(52,'2013-06-29 02:41:13',NULL,00000001,'2003-10-01 02:00:00',00000001,'MONSIEUR',NULL,'cheickna.cisse2003@cpd-mali.com','Cheickna','CISSE','$2a$10$p847g9AkUFuSbYDy8.XeQeUTWMQBMqps82JOmYtPZb.as6rKKNSSi',NULL,2003,NULL,52,NULL,NULL,NULL),
	(53,'2013-06-29 02:41:13',NULL,00000001,'2003-10-01 02:00:00',00000001,'MADAME',NULL,'bintou.diawara2003@cpd-mali.com','Bintou','DIAWARA','$2a$10$p847g9AkUFuSbYDy8.XeQeUTWMQBMqps82JOmYtPZb.as6rKKNSSi',NULL,2003,NULL,53,NULL,NULL,NULL),
	(54,'2013-06-29 02:41:13',NULL,00000001,'2003-10-01 02:00:00',00000001,'MONSIEUR',NULL,'ahmadoun.dicko2003@cpd-mali.com','Ahmadoun','DICKO','$2a$10$p847g9AkUFuSbYDy8.XeQeUTWMQBMqps82JOmYtPZb.as6rKKNSSi',NULL,2003,NULL,54,NULL,NULL,NULL),
	(55,'2013-06-29 02:41:13',NULL,00000001,'2003-10-01 02:00:00',00000001,'MADAME',NULL,'awa-soronfe.doumbia2003@cpd-mali.com','Awa Soronfe','DOUMBIA','$2a$10$p847g9AkUFuSbYDy8.XeQeUTWMQBMqps82JOmYtPZb.as6rKKNSSi',NULL,2003,NULL,55,NULL,NULL,NULL),
	(56,'2013-06-29 02:41:13',NULL,00000001,'2003-10-01 02:00:00',00000001,'MONSIEUR',NULL,'souleymane.draba2003@cpd-mali.com','Souleymane','DRABA','$2a$10$p847g9AkUFuSbYDy8.XeQeUTWMQBMqps82JOmYtPZb.as6rKKNSSi',NULL,2003,NULL,56,NULL,NULL,NULL),
	(57,'2013-06-29 02:41:13','2013-09-15 19:55:33',00000001,'2003-10-01 00:00:00',00000001,'MONSIEUR',NULL,'abdourhamane.idrissa@cpd-mali.com','Abdourhamane','IDRISSA','$2a$10$p847g9AkUFuSbYDy8.XeQeUTWMQBMqps82JOmYtPZb.as6rKKNSSi',NULL,2003,144,57,2,NULL,NULL),
	(58,'2013-06-29 02:41:13',NULL,00000001,'2003-10-01 02:00:00',00000001,'MONSIEUR',NULL,'boureima.koita2003@cpd-mali.com','Boureima','KOITA','$2a$10$p847g9AkUFuSbYDy8.XeQeUTWMQBMqps82JOmYtPZb.as6rKKNSSi',NULL,2003,NULL,58,NULL,NULL,NULL),
	(59,'2013-06-29 02:41:13',NULL,00000001,'2003-10-01 02:00:00',00000001,'MONSIEUR',NULL,'rissa-ag.mohamedine2003@cpd-mali.com','Rissa ag','MOHAMEDINE','$2a$10$p847g9AkUFuSbYDy8.XeQeUTWMQBMqps82JOmYtPZb.as6rKKNSSi',NULL,2003,NULL,59,NULL,NULL,NULL),
	(60,'2013-06-29 02:41:13',NULL,00000001,'2003-10-01 02:00:00',00000001,'MONSIEUR',NULL,'modibo.sidibe2003@cpd-mali.com','Modibo','SIDIBE','$2a$10$p847g9AkUFuSbYDy8.XeQeUTWMQBMqps82JOmYtPZb.as6rKKNSSi',NULL,2003,NULL,60,NULL,NULL,NULL),
	(61,'2013-06-29 02:41:13',NULL,00000001,'2003-10-01 02:00:00',00000001,'MONSIEUR',NULL,'gaoussou-mamadou.sylla2003@cpd-mali.com','Gaoussou Mamadou','SYLLA','$2a$10$p847g9AkUFuSbYDy8.XeQeUTWMQBMqps82JOmYtPZb.as6rKKNSSi',NULL,2003,NULL,61,NULL,NULL,NULL),
	(62,'2013-06-29 02:41:13',NULL,00000001,'2004-10-01 02:00:00',00000001,'MADAME',NULL,'aminata-niele.coulibaly2004@cpd-mali.com','Aminata Niélé','COULIBALY','$2a$10$p847g9AkUFuSbYDy8.XeQeUTWMQBMqps82JOmYtPZb.as6rKKNSSi',NULL,2004,NULL,62,NULL,NULL,NULL),
	(63,'2013-06-29 02:41:13',NULL,00000001,'2004-10-01 02:00:00',00000001,'MADAME',NULL,'aoua.coulibaly2004@cpd-mali.com','Aoua','COULIBALY','$2a$10$p847g9AkUFuSbYDy8.XeQeUTWMQBMqps82JOmYtPZb.as6rKKNSSi',NULL,2004,NULL,63,NULL,NULL,NULL),
	(64,'2013-06-29 02:41:13',NULL,00000001,'2004-10-01 02:00:00',00000001,'MONSIEUR',NULL,'bakary.diarra2004@cpd-mali.com','Bakary','DIARRA','$2a$10$p847g9AkUFuSbYDy8.XeQeUTWMQBMqps82JOmYtPZb.as6rKKNSSi',NULL,2004,NULL,64,NULL,NULL,NULL),
	(65,'2013-06-29 02:41:13',NULL,00000001,'2004-10-01 02:00:00',00000001,'MADAME',NULL,'arkia.haidara2004@cpd-mali.com','Arkia','HAIDARA','$2a$10$p847g9AkUFuSbYDy8.XeQeUTWMQBMqps82JOmYtPZb.as6rKKNSSi',NULL,2004,NULL,65,NULL,NULL,NULL),
	(66,'2013-06-29 02:41:13',NULL,00000001,'2004-10-01 02:00:00',00000001,'MONSIEUR',NULL,'habib.kone2004@cpd-mali.com','Habib','KONE','$2a$10$p847g9AkUFuSbYDy8.XeQeUTWMQBMqps82JOmYtPZb.as6rKKNSSi',NULL,2004,NULL,66,NULL,NULL,NULL),
	(67,'2013-06-29 02:41:13',NULL,00000001,'2004-10-01 02:00:00',00000001,'MONSIEUR',NULL,'sidy.koutam2004@cpd-mali.com','Sidy','KOUTAM','$2a$10$p847g9AkUFuSbYDy8.XeQeUTWMQBMqps82JOmYtPZb.as6rKKNSSi',NULL,2004,NULL,67,NULL,NULL,NULL),
	(68,'2013-06-29 02:41:13',NULL,00000001,'2004-10-01 02:00:00',00000001,'MONSIEUR',NULL,'cheick-kader.m’baye2004@cpd-mali.com','Cheick Kader','M’BAYE','$2a$10$p847g9AkUFuSbYDy8.XeQeUTWMQBMqps82JOmYtPZb.as6rKKNSSi',NULL,2004,NULL,68,NULL,NULL,NULL),
	(69,'2013-06-29 02:41:13',NULL,00000001,'2004-10-01 02:00:00',00000001,'MONSIEUR',NULL,'seydou.sanogo2004@cpd-mali.com','Seydou','SANOGO','$2a$10$p847g9AkUFuSbYDy8.XeQeUTWMQBMqps82JOmYtPZb.as6rKKNSSi',NULL,2004,NULL,69,NULL,NULL,NULL),
	(70,'2013-06-29 02:41:13',NULL,00000001,'2004-10-01 02:00:00',00000001,'MADAME',NULL,'korian.sidibe2004@cpd-mali.com','Korian','SIDIBE','$2a$10$p847g9AkUFuSbYDy8.XeQeUTWMQBMqps82JOmYtPZb.as6rKKNSSi',NULL,2004,NULL,70,NULL,NULL,NULL),
	(71,'2013-06-29 02:41:13',NULL,00000001,'2004-10-01 02:00:00',00000001,'MADAME',NULL,'mariam.traore2004@cpd-mali.com','Mariam','TRAORE','$2a$10$p847g9AkUFuSbYDy8.XeQeUTWMQBMqps82JOmYtPZb.as6rKKNSSi',NULL,2004,NULL,71,NULL,NULL,NULL),
	(72,'2013-06-29 02:41:13','2013-09-13 20:46:49',00000001,'2005-10-01 00:00:00',00000001,'MONSIEUR',NULL,'maouloune.arby2005@cpd-mali.com','Maouloune','ARBY','$2a$10$p847g9AkUFuSbYDy8.XeQeUTWMQBMqps82JOmYtPZb.as6rKKNSSi',NULL,2005,144,72,1,NULL,NULL),
	(73,'2013-06-29 02:41:13',NULL,00000001,'2005-10-01 02:00:00',00000001,'MONSIEUR',NULL,'mamadou.bathily2005@cpd-mali.com','Mamadou','BATHILY','$2a$10$p847g9AkUFuSbYDy8.XeQeUTWMQBMqps82JOmYtPZb.as6rKKNSSi',NULL,2005,NULL,73,NULL,NULL,NULL),
	(74,'2013-06-29 02:41:13',NULL,00000001,'2005-10-01 02:00:00',00000001,'MADAME',NULL,'adama.bocoum2005@cpd-mali.com','Adama','BOCOUM','$2a$10$p847g9AkUFuSbYDy8.XeQeUTWMQBMqps82JOmYtPZb.as6rKKNSSi',NULL,2005,NULL,74,NULL,NULL,NULL),
	(75,'2013-06-29 02:41:13',NULL,00000001,'2005-10-01 02:00:00',00000001,'MONSIEUR',NULL,'cheick.cisse2005@cpd-mali.com','Cheick','CISSE','$2a$10$p847g9AkUFuSbYDy8.XeQeUTWMQBMqps82JOmYtPZb.as6rKKNSSi',NULL,2005,NULL,75,NULL,NULL,NULL),
	(76,'2013-06-29 02:41:13',NULL,00000001,'2005-10-01 02:00:00',00000001,'MONSIEUR',NULL,'boubacar.coulibaly2005@cpd-mali.com','Boubacar','COULIBALY','$2a$10$p847g9AkUFuSbYDy8.XeQeUTWMQBMqps82JOmYtPZb.as6rKKNSSi',NULL,2005,NULL,76,NULL,NULL,NULL),
	(77,'2013-06-29 02:41:13',NULL,00000001,'2005-10-01 02:00:00',00000001,'MONSIEUR',NULL,'ousmane.coulibaly2005@cpd-mali.com','Ousmane','COULIBALY','$2a$10$p847g9AkUFuSbYDy8.XeQeUTWMQBMqps82JOmYtPZb.as6rKKNSSi',NULL,2005,NULL,77,NULL,NULL,NULL),
	(78,'2013-06-29 02:41:13',NULL,00000001,'2005-10-01 02:00:00',00000001,'MADAME',NULL,'kaltoum.diallo2005@cpd-mali.com','Kaltoum','DIALLO','$2a$10$p847g9AkUFuSbYDy8.XeQeUTWMQBMqps82JOmYtPZb.as6rKKNSSi',NULL,2005,NULL,78,NULL,NULL,NULL),
	(79,'2013-06-29 02:41:13',NULL,00000001,'2005-10-01 02:00:00',00000001,'MONSIEUR',NULL,'sekou.diarra2005@cpd-mali.com','Sekou','DIARRA','$2a$10$p847g9AkUFuSbYDy8.XeQeUTWMQBMqps82JOmYtPZb.as6rKKNSSi',NULL,2005,NULL,79,NULL,NULL,NULL),
	(80,'2013-06-29 02:41:13',NULL,00000001,'2005-10-01 02:00:00',00000001,'MONSIEUR',NULL,'ali.dicko2005@cpd-mali.com','Ali','DICKO','$2a$10$p847g9AkUFuSbYDy8.XeQeUTWMQBMqps82JOmYtPZb.as6rKKNSSi',NULL,2005,NULL,80,NULL,NULL,NULL),
	(81,'2013-06-29 02:41:13',NULL,00000001,'2005-10-01 02:00:00',00000001,'MONSIEUR',NULL,'thierry.kalisa2005@cpd-mali.com','Thierry','KALISA','$2a$10$p847g9AkUFuSbYDy8.XeQeUTWMQBMqps82JOmYtPZb.as6rKKNSSi',NULL,2005,NULL,81,NULL,NULL,NULL),
	(82,'2013-06-29 02:41:13',NULL,00000001,'2005-10-01 02:00:00',00000001,'MONSIEUR',NULL,'ousmane.kodio2005@cpd-mali.com','Ousmane','KODIO','$2a$10$p847g9AkUFuSbYDy8.XeQeUTWMQBMqps82JOmYtPZb.as6rKKNSSi',NULL,2005,NULL,82,NULL,NULL,NULL),
	(83,'2013-06-29 02:41:13',NULL,00000001,'2005-10-01 02:00:00',00000001,'MONSIEUR',NULL,'yacouba.sagara2005@cpd-mali.com','Yacouba','SAGARA','$2a$10$p847g9AkUFuSbYDy8.XeQeUTWMQBMqps82JOmYtPZb.as6rKKNSSi',NULL,2005,NULL,83,NULL,NULL,NULL),
	(85,'2013-06-29 02:41:13',NULL,00000001,'2005-10-01 02:00:00',00000001,'MONSIEUR',NULL,'cheichna-hamala.sissoko2005@cpd-mali.com','Cheichna Hamala','SISSOKO','$2a$10$p847g9AkUFuSbYDy8.XeQeUTWMQBMqps82JOmYtPZb.as6rKKNSSi',NULL,2005,NULL,85,NULL,NULL,NULL),
	(86,'2013-06-29 02:41:13',NULL,00000001,'2005-10-01 02:00:00',00000001,'MONSIEUR',NULL,'sogodogo.ivan2005@cpd-mali.com','SOGODOGO','IVAN','$2a$10$p847g9AkUFuSbYDy8.XeQeUTWMQBMqps82JOmYtPZb.as6rKKNSSi',NULL,2005,NULL,86,NULL,NULL,NULL),
	(87,'2013-06-29 02:41:13',NULL,00000001,'2005-10-01 02:00:00',00000001,'MONSIEUR',NULL,'aliou.sow2005@cpd-mali.com','Aliou','SOW','$2a$10$p847g9AkUFuSbYDy8.XeQeUTWMQBMqps82JOmYtPZb.as6rKKNSSi',NULL,2005,NULL,87,NULL,NULL,NULL),
	(88,'2013-06-29 02:41:13',NULL,00000001,'2005-10-01 02:00:00',00000001,'MONSIEUR',NULL,'yaya.sow2005@cpd-mali.com','Yaya','SOW','$2a$10$p847g9AkUFuSbYDy8.XeQeUTWMQBMqps82JOmYtPZb.as6rKKNSSi',NULL,2005,NULL,88,NULL,NULL,NULL),
	(89,'2013-06-29 02:41:13',NULL,00000001,'2005-10-01 02:00:00',00000001,'MADAME',NULL,'nana.tienta2005@cpd-mali.com','Nana','TIENTA','$2a$10$p847g9AkUFuSbYDy8.XeQeUTWMQBMqps82JOmYtPZb.as6rKKNSSi',NULL,2005,NULL,89,NULL,NULL,NULL),
	(90,'2013-06-29 02:41:14',NULL,00000001,'2005-10-01 02:00:00',00000001,'MADAME',NULL,'aicha.toure2005@cpd-mali.com','Aïcha','TOURE','$2a$10$p847g9AkUFuSbYDy8.XeQeUTWMQBMqps82JOmYtPZb.as6rKKNSSi',NULL,2005,NULL,90,NULL,NULL,NULL),
	(91,'2013-06-29 02:41:14',NULL,00000001,'2005-10-01 02:00:00',00000001,'MONSIEUR',NULL,'boubacar.yalcouye2005@cpd-mali.com','Boubacar','YALCOUYE','$2a$10$p847g9AkUFuSbYDy8.XeQeUTWMQBMqps82JOmYtPZb.as6rKKNSSi',NULL,2005,NULL,91,NULL,NULL,NULL),
	(92,'2013-06-29 02:41:14',NULL,00000001,'2006-10-01 02:00:00',00000001,'MONSIEUR',NULL,'baya.demba2006@cpd-mali.com','Baya','DEMBA','$2a$10$p847g9AkUFuSbYDy8.XeQeUTWMQBMqps82JOmYtPZb.as6rKKNSSi',NULL,2006,NULL,92,NULL,NULL,NULL),
	(93,'2013-06-29 02:41:14',NULL,00000001,'2006-10-01 02:00:00',00000001,'MONSIEUR',NULL,'sanounou.cisse2006@cpd-mali.com','Sanounou','CISSE','$2a$10$p847g9AkUFuSbYDy8.XeQeUTWMQBMqps82JOmYtPZb.as6rKKNSSi',NULL,2006,NULL,93,NULL,NULL,NULL),
	(94,'2013-06-29 02:41:14',NULL,00000001,'2006-10-01 02:00:00',00000001,'MONSIEUR',NULL,'abdrahmane.coulibaly2006@cpd-mali.com','Abdrahmane','COULIBALY','$2a$10$p847g9AkUFuSbYDy8.XeQeUTWMQBMqps82JOmYtPZb.as6rKKNSSi',NULL,2006,NULL,94,NULL,NULL,NULL),
	(95,'2013-06-29 02:41:14',NULL,00000001,'2006-10-01 02:00:00',00000001,'MONSIEUR',NULL,'mamadou.diaby2006@cpd-mali.com','Mamadou','DIABY','$2a$10$p847g9AkUFuSbYDy8.XeQeUTWMQBMqps82JOmYtPZb.as6rKKNSSi',NULL,2006,NULL,95,NULL,NULL,NULL),
	(96,'2013-06-29 02:41:14',NULL,00000001,'2006-10-01 02:00:00',00000001,'MONSIEUR',NULL,'amadou-g..diarra2006@cpd-mali.com','Amadou G.','DIARRA','$2a$10$p847g9AkUFuSbYDy8.XeQeUTWMQBMqps82JOmYtPZb.as6rKKNSSi',NULL,2006,NULL,96,NULL,NULL,NULL),
	(97,'2013-06-29 02:41:14',NULL,00000001,'2006-10-01 02:00:00',00000001,'MADAME',NULL,'djeneba.diarra2006@cpd-mali.com','Djeneba','DIARRA','$2a$10$p847g9AkUFuSbYDy8.XeQeUTWMQBMqps82JOmYtPZb.as6rKKNSSi',NULL,2006,NULL,97,NULL,NULL,NULL),
	(98,'2013-06-29 02:41:14',NULL,00000001,'2006-10-01 02:00:00',00000001,'MADAME',NULL,'fatoumata.dicko2006@cpd-mali.com','Fatoumata','DICKO','$2a$10$p847g9AkUFuSbYDy8.XeQeUTWMQBMqps82JOmYtPZb.as6rKKNSSi',NULL,2006,NULL,98,NULL,NULL,NULL),
	(99,'2013-06-29 02:41:14',NULL,00000001,'2006-10-01 02:00:00',00000001,'MADAME',NULL,'marietou.guido2006@cpd-mali.com','Mariétou','GUIDO','$2a$10$p847g9AkUFuSbYDy8.XeQeUTWMQBMqps82JOmYtPZb.as6rKKNSSi',NULL,2006,NULL,99,NULL,NULL,NULL),
	(100,'2013-06-29 02:41:14',NULL,00000001,'2006-10-01 02:00:00',00000001,'MONSIEUR',NULL,'mohamed.kante2006@cpd-mali.com','Mohamed','KANTE','$2a$10$p847g9AkUFuSbYDy8.XeQeUTWMQBMqps82JOmYtPZb.as6rKKNSSi',NULL,2006,NULL,100,NULL,NULL,NULL),
	(101,'2013-06-29 02:41:14',NULL,00000001,'2006-10-01 02:00:00',00000001,'MONSIEUR',NULL,'fayssal.konate2006@cpd-mali.com','Fayssal','KONATE','$2a$10$p847g9AkUFuSbYDy8.XeQeUTWMQBMqps82JOmYtPZb.as6rKKNSSi',NULL,2006,NULL,101,NULL,NULL,NULL),
	(102,'2013-06-29 02:41:14',NULL,00000001,'2006-10-01 02:00:00',00000001,'MONSIEUR',NULL,'cheick.koutam2006@cpd-mali.com','Cheick','KOUTAM','$2a$10$p847g9AkUFuSbYDy8.XeQeUTWMQBMqps82JOmYtPZb.as6rKKNSSi',NULL,2006,NULL,102,NULL,NULL,NULL),
	(103,'2013-06-29 02:41:14',NULL,00000001,'2006-10-01 02:00:00',00000001,'MADAME',NULL,'aissata.maiga2006@cpd-mali.com','Aissata','MAIGA','$2a$10$p847g9AkUFuSbYDy8.XeQeUTWMQBMqps82JOmYtPZb.as6rKKNSSi',NULL,2006,NULL,103,NULL,NULL,NULL),
	(104,'2013-06-29 02:41:14',NULL,00000001,'2006-10-01 02:00:00',00000001,'MADAME',NULL,'soukouna.sadio2006@cpd-mali.com','SOUKOUNA','SADIO','$2a$10$p847g9AkUFuSbYDy8.XeQeUTWMQBMqps82JOmYtPZb.as6rKKNSSi',NULL,2006,NULL,104,NULL,NULL,NULL),
	(105,'2013-06-29 02:41:14',NULL,00000001,'2006-10-01 02:00:00',00000001,'MONSIEUR',NULL,'hamadoun.tamboura2006@cpd-mali.com','Hamadoun','TAMBOURA','$2a$10$p847g9AkUFuSbYDy8.XeQeUTWMQBMqps82JOmYtPZb.as6rKKNSSi',NULL,2006,NULL,105,NULL,NULL,NULL),
	(106,'2013-06-29 02:41:14',NULL,00000001,'2006-10-01 02:00:00',00000001,'MONSIEUR',NULL,'niandou.toure2006@cpd-mali.com','Niandou','TOURE','$2a$10$p847g9AkUFuSbYDy8.XeQeUTWMQBMqps82JOmYtPZb.as6rKKNSSi',NULL,2006,NULL,106,NULL,NULL,NULL),
	(107,'2013-06-29 02:41:14',NULL,00000001,'2006-10-01 02:00:00',00000001,'MONSIEUR',NULL,'abdoulaye-.toure2006@cpd-mali.com','Abdoulaye','TOURE','$2a$10$p847g9AkUFuSbYDy8.XeQeUTWMQBMqps82JOmYtPZb.as6rKKNSSi',NULL,2006,NULL,107,NULL,NULL,NULL),
	(108,'2013-06-29 02:41:14',NULL,00000001,'2006-10-01 02:00:00',00000001,'MADAME',NULL,'fatouma.toure2006@cpd-mali.com','Fatouma','TOURE','$2a$10$p847g9AkUFuSbYDy8.XeQeUTWMQBMqps82JOmYtPZb.as6rKKNSSi',NULL,2006,NULL,108,NULL,NULL,NULL),
	(109,'2013-06-29 02:41:14',NULL,00000001,'2006-10-01 02:00:00',00000001,'MONSIEUR',NULL,'abdoulaye-.traore2006@cpd-mali.com','Abdoulaye','TRAORE','$2a$10$p847g9AkUFuSbYDy8.XeQeUTWMQBMqps82JOmYtPZb.as6rKKNSSi',NULL,2006,NULL,109,NULL,NULL,NULL),
	(110,'2013-06-29 02:41:14',NULL,00000001,'2006-10-01 02:00:00',00000001,'MONSIEUR',NULL,'bilal.traore2006@cpd-mali.com','Bilal','TRAORE','$2a$10$p847g9AkUFuSbYDy8.XeQeUTWMQBMqps82JOmYtPZb.as6rKKNSSi',NULL,2006,NULL,110,NULL,NULL,NULL),
	(111,'2013-06-29 02:41:14',NULL,00000001,'2006-10-01 02:00:00',00000001,'MONSIEUR',NULL,'seydou.traore2006@cpd-mali.com','Seydou','TRAORE','$2a$10$p847g9AkUFuSbYDy8.XeQeUTWMQBMqps82JOmYtPZb.as6rKKNSSi',NULL,2006,NULL,111,NULL,NULL,NULL),
	(112,'2013-06-29 02:41:14',NULL,00000001,'2007-10-01 02:00:00',00000001,'MADAME',NULL,'habibatou.badini2007@cpd-mali.com','Habibatou','BADINI','$2a$10$p847g9AkUFuSbYDy8.XeQeUTWMQBMqps82JOmYtPZb.as6rKKNSSi',NULL,2007,NULL,112,NULL,NULL,NULL),
	(113,'2013-06-29 02:41:14',NULL,00000001,'2007-10-01 02:00:00',00000001,'MONSIEUR',NULL,'aboubacar-nouhoum.diolla2007@cpd-mali.com','Aboubacar Nouhoum','DIOLLA','$2a$10$p847g9AkUFuSbYDy8.XeQeUTWMQBMqps82JOmYtPZb.as6rKKNSSi',NULL,2007,NULL,113,NULL,NULL,NULL),
	(114,'2013-06-29 02:41:14',NULL,00000001,'2007-10-01 02:00:00',00000001,'MONSIEUR',NULL,'mamadou-sada.diolla2007@cpd-mali.com','Mamadou Sada','DIOLLA','$2a$10$p847g9AkUFuSbYDy8.XeQeUTWMQBMqps82JOmYtPZb.as6rKKNSSi',NULL,2007,NULL,114,NULL,NULL,NULL),
	(115,'2013-06-29 02:41:14',NULL,00000001,'2007-10-01 02:00:00',00000001,'MONSIEUR',NULL,'oumar-amadou.diarra2007@cpd-mali.com','Oumar Amadou','DIARRA','$2a$10$p847g9AkUFuSbYDy8.XeQeUTWMQBMqps82JOmYtPZb.as6rKKNSSi',NULL,2007,NULL,115,NULL,NULL,NULL),
	(116,'2013-06-29 02:41:14',NULL,00000001,'2007-10-01 02:00:00',00000001,'MONSIEUR',NULL,'seydou.doumbia2007@cpd-mali.com','Seydou','DOUMBIA','$2a$10$p847g9AkUFuSbYDy8.XeQeUTWMQBMqps82JOmYtPZb.as6rKKNSSi',NULL,2007,NULL,116,NULL,NULL,NULL),
	(117,'2013-06-29 02:41:14',NULL,00000001,'2007-10-01 02:00:00',00000001,'MONSIEUR',NULL,'sekou-theodor.keita2007@cpd-mali.com','Sékou Theodor','KEITA','$2a$10$p847g9AkUFuSbYDy8.XeQeUTWMQBMqps82JOmYtPZb.as6rKKNSSi',NULL,2007,NULL,117,NULL,NULL,NULL),
	(118,'2013-06-29 02:41:14',NULL,00000001,'2007-10-01 02:00:00',00000001,'MADAME',NULL,'fatoumata-djenne.kida2007@cpd-mali.com','Fatoumata Djénné','KIDA','$2a$10$p847g9AkUFuSbYDy8.XeQeUTWMQBMqps82JOmYtPZb.as6rKKNSSi',NULL,2007,NULL,118,NULL,NULL,NULL),
	(119,'2013-06-29 02:41:14',NULL,00000001,'2007-10-01 02:00:00',00000001,'MADAME',NULL,'makadidia.konate2007@cpd-mali.com','Makadidia','KONATE','$2a$10$p847g9AkUFuSbYDy8.XeQeUTWMQBMqps82JOmYtPZb.as6rKKNSSi',NULL,2007,NULL,119,NULL,NULL,NULL),
	(120,'2013-06-29 02:41:14',NULL,00000001,'2007-10-01 02:00:00',00000001,'MONSIEUR',NULL,'nouhoum.kone2007@cpd-mali.com','Nouhoum','KONE','$2a$10$p847g9AkUFuSbYDy8.XeQeUTWMQBMqps82JOmYtPZb.as6rKKNSSi',NULL,2007,NULL,120,NULL,NULL,NULL),
	(121,'2013-06-29 02:41:14','2013-09-17 01:44:33',00000001,'2013-09-19 00:00:00',00000001,'MONSIEUR',NULL,'abdoulaye.maiga2007@cpd-mali.com','Abdoulaye','MAIGA','$2a$10$p847g9AkUFuSbYDy8.XeQeUTWMQBMqps82JOmYtPZb.as6rKKNSSi',NULL,2007,144,121,2,5,'elaysama@gmail.com'),
	(122,'2013-06-29 02:41:14',NULL,00000001,'2007-10-01 02:00:00',00000001,'MONSIEUR',NULL,'baba-wadiam.maiga2007@cpd-mali.com','Baba Wadiam','MAIGA','$2a$10$p847g9AkUFuSbYDy8.XeQeUTWMQBMqps82JOmYtPZb.as6rKKNSSi',NULL,2007,NULL,122,NULL,NULL,NULL),
	(123,'2013-06-29 02:41:14','2013-09-13 23:46:41',00000001,'2007-10-01 00:00:00',00000001,'MONSIEUR',NULL,'souleymane.nanakasse2007@cpd-mali.com','Souleymane','NANAKASSE','$2a$10$p847g9AkUFuSbYDy8.XeQeUTWMQBMqps82JOmYtPZb.as6rKKNSSi',NULL,2007,144,123,2,NULL,NULL),
	(124,'2013-06-29 02:41:14',NULL,00000001,'2007-10-01 02:00:00',00000001,'MONSIEUR',NULL,'abdoulaye.samake2007@cpd-mali.com','Abdoulaye','SAMAKE','$2a$10$p847g9AkUFuSbYDy8.XeQeUTWMQBMqps82JOmYtPZb.as6rKKNSSi',NULL,2007,NULL,124,NULL,NULL,NULL),
	(125,'2013-06-29 02:41:14',NULL,00000001,'2007-10-01 02:00:00',00000001,'MONSIEUR',NULL,'amadou.tapo2007@cpd-mali.com','Amadou','TAPO','$2a$10$p847g9AkUFuSbYDy8.XeQeUTWMQBMqps82JOmYtPZb.as6rKKNSSi',NULL,2007,NULL,125,NULL,NULL,NULL),
	(126,'2013-06-29 02:41:14',NULL,00000001,'2007-10-01 02:00:00',00000001,'MADAME',NULL,'aissata.traore2007@cpd-mali.com','Aïssata','TRAORE','$2a$10$p847g9AkUFuSbYDy8.XeQeUTWMQBMqps82JOmYtPZb.as6rKKNSSi',NULL,2007,NULL,126,NULL,NULL,NULL),
	(127,'2013-06-29 02:41:14',NULL,00000001,'2007-10-01 02:00:00',00000001,'MADAME',NULL,'habibatou.traore2007@cpd-mali.com','Habibatou','TRAORE','$2a$10$p847g9AkUFuSbYDy8.XeQeUTWMQBMqps82JOmYtPZb.as6rKKNSSi',NULL,2007,NULL,127,NULL,NULL,NULL),
	(128,'2013-06-29 02:41:14',NULL,00000001,'2007-10-01 02:00:00',00000001,'MADAME',NULL,'fatouma-h..traore2007@cpd-mali.com','Fatouma H.','TRAORE','$2a$10$p847g9AkUFuSbYDy8.XeQeUTWMQBMqps82JOmYtPZb.as6rKKNSSi',NULL,2007,NULL,128,NULL,NULL,NULL),
	(129,'2013-06-29 02:41:14',NULL,00000001,'2007-10-01 02:00:00',00000001,'MADAME',NULL,'masseni.traore2007@cpd-mali.com','Masséni','TRAORE','$2a$10$p847g9AkUFuSbYDy8.XeQeUTWMQBMqps82JOmYtPZb.as6rKKNSSi',NULL,2007,NULL,129,NULL,NULL,NULL),
	(130,'2013-06-29 02:41:14',NULL,00000001,'2007-10-01 02:00:00',00000001,'MADAME',NULL,'rehanna.yattara2007@cpd-mali.com','Rehanna','YATTARA','$2a$10$p847g9AkUFuSbYDy8.XeQeUTWMQBMqps82JOmYtPZb.as6rKKNSSi',NULL,2007,NULL,130,NULL,NULL,NULL),
	(131,'2013-06-29 02:41:14',NULL,00000001,'2007-10-01 02:00:00',00000001,'MONSIEUR',NULL,'issa.diolla2007@cpd-mali.com','Issa','DIOLLA','$2a$10$p847g9AkUFuSbYDy8.XeQeUTWMQBMqps82JOmYtPZb.as6rKKNSSi',NULL,2007,NULL,131,NULL,NULL,NULL),
	(132,'2013-06-29 02:41:14',NULL,00000001,'2008-10-01 02:00:00',00000001,'MADAME',NULL,'oumana.aydi2008@cpd-mali.com','Oumana','AYDI','$2a$10$p847g9AkUFuSbYDy8.XeQeUTWMQBMqps82JOmYtPZb.as6rKKNSSi',NULL,2008,NULL,132,NULL,NULL,NULL),
	(133,'2013-06-29 02:41:14',NULL,00000001,'2008-10-01 02:00:00',00000001,'MADAME',NULL,'fatimata-tata.diaby2008@cpd-mali.com','Fatimata Tata','DIABY','$2a$10$p847g9AkUFuSbYDy8.XeQeUTWMQBMqps82JOmYtPZb.as6rKKNSSi',NULL,2008,NULL,133,NULL,NULL,NULL),
	(134,'2013-06-29 02:41:14',NULL,00000001,'2008-10-01 02:00:00',00000001,'MADAME',NULL,'oumou.diallo2008@cpd-mali.com','Oumou','DIALLO','$2a$10$p847g9AkUFuSbYDy8.XeQeUTWMQBMqps82JOmYtPZb.as6rKKNSSi',NULL,2008,NULL,134,NULL,NULL,NULL),
	(135,'2013-06-29 02:41:14',NULL,00000001,'2008-10-01 02:00:00',00000001,'MADAME',NULL,'baye-siaka.diarra2008@cpd-mali.com','Baye Siaka','DIARRA','$2a$10$p847g9AkUFuSbYDy8.XeQeUTWMQBMqps82JOmYtPZb.as6rKKNSSi',NULL,2008,NULL,135,NULL,NULL,NULL),
	(136,'2013-06-29 02:41:14',NULL,00000001,'2008-10-01 02:00:00',00000001,'MONSIEUR',NULL,'mahamadou.djibo2008@cpd-mali.com','Mahamadou','DJIBO','$2a$10$p847g9AkUFuSbYDy8.XeQeUTWMQBMqps82JOmYtPZb.as6rKKNSSi',NULL,2008,NULL,136,NULL,NULL,NULL),
	(137,'2013-06-29 02:41:14',NULL,00000001,'2008-10-01 02:00:00',00000001,'MONSIEUR',NULL,'modibo.doumbia2008@cpd-mali.com','Modibo','DOUMBIA','$2a$10$p847g9AkUFuSbYDy8.XeQeUTWMQBMqps82JOmYtPZb.as6rKKNSSi',NULL,2008,NULL,137,NULL,NULL,NULL),
	(138,'2013-06-29 02:41:14',NULL,00000001,'2008-10-01 02:00:00',00000001,'MONSIEUR',NULL,'mamadou.goundiam2008@cpd-mali.com','Mamadou','GOUNDIAM','$2a$10$p847g9AkUFuSbYDy8.XeQeUTWMQBMqps82JOmYtPZb.as6rKKNSSi',NULL,2008,NULL,138,NULL,NULL,NULL),
	(139,'2013-06-29 02:41:14',NULL,00000001,'2008-10-01 02:00:00',00000001,'MONSIEUR',NULL,'mamadou.keita2008@cpd-mali.com','Mamadou','KEITA','$2a$10$p847g9AkUFuSbYDy8.XeQeUTWMQBMqps82JOmYtPZb.as6rKKNSSi',NULL,2008,NULL,139,NULL,NULL,NULL),
	(140,'2013-06-29 02:41:14',NULL,00000001,'2008-10-01 02:00:00',00000001,'MADAME',NULL,'rokiatou.konate2008@cpd-mali.com','Rokiatou','KONATE','$2a$10$p847g9AkUFuSbYDy8.XeQeUTWMQBMqps82JOmYtPZb.as6rKKNSSi',NULL,2008,NULL,140,NULL,NULL,NULL),
	(141,'2013-06-29 02:41:14',NULL,00000001,'2008-10-01 02:00:00',00000001,'MADAME',NULL,'mina-mint.mohamed2008@cpd-mali.com','Mina Mint','MOHAMED','$2a$10$p847g9AkUFuSbYDy8.XeQeUTWMQBMqps82JOmYtPZb.as6rKKNSSi',NULL,2008,NULL,141,NULL,NULL,NULL),
	(142,'2013-06-29 02:41:14',NULL,00000001,'2008-10-01 02:00:00',00000001,'MONSIEUR',NULL,'moulaye-ismael.mouhameidou2008@cpd-mali.com','Moulaye Ismael','MOUHAMEIDOU','$2a$10$p847g9AkUFuSbYDy8.XeQeUTWMQBMqps82JOmYtPZb.as6rKKNSSi',NULL,2008,NULL,142,NULL,NULL,NULL),
	(143,'2013-06-29 02:41:14',NULL,00000001,'2008-10-01 02:00:00',00000001,'MADAME',NULL,'aminata.seck2008@cpd-mali.com','Aminata','SECK','$2a$10$p847g9AkUFuSbYDy8.XeQeUTWMQBMqps82JOmYtPZb.as6rKKNSSi',NULL,2008,NULL,143,NULL,NULL,NULL),
	(144,'2013-06-29 02:41:14','2013-09-17 01:39:29',00000001,'1989-02-03 00:00:00',00000001,'MONSIEUR',NULL,'cheick-mahady.sissoko@cpd-mali.com','Cheick Mahady','SISSOKO','$2a$10$GVieCvTjULrXsQ8szFYgQO6BjjK.NWLpe4PYZ.nGEZa.jnYmm8n26','ec25bacf-b544-45ca-b1dc-60dea3aa2c92',2008,144,144,2,4,'cheickm.sissoko@gmail.com'),
	(145,'2013-06-29 02:41:14',NULL,00000001,'2008-10-01 02:00:00',00000001,'MADAME',NULL,'aissata-aya.sow2008@cpd-mali.com','Aïssata Aya','SOW','$2a$10$p847g9AkUFuSbYDy8.XeQeUTWMQBMqps82JOmYtPZb.as6rKKNSSi',NULL,2008,NULL,145,NULL,NULL,NULL),
	(146,'2013-06-29 02:41:14',NULL,00000001,'2008-10-01 02:00:00',00000001,'MONSIEUR',NULL,'ibrahim.toure2008@cpd-mali.com','Ibrahim','TOURE','$2a$10$p847g9AkUFuSbYDy8.XeQeUTWMQBMqps82JOmYtPZb.as6rKKNSSi',NULL,2008,NULL,146,NULL,NULL,NULL),
	(147,'2013-06-29 02:41:14',NULL,00000001,'2008-10-01 02:00:00',00000001,'MADAME',NULL,'kadiatou.toure2008@cpd-mali.com','Kadiatou','TOURE','$2a$10$p847g9AkUFuSbYDy8.XeQeUTWMQBMqps82JOmYtPZb.as6rKKNSSi',NULL,2008,NULL,147,NULL,NULL,NULL),
	(148,'2013-06-29 02:41:14',NULL,00000001,'2008-10-01 02:00:00',00000001,'MONSIEUR',NULL,'bassirou.traore2008@cpd-mali.com','Bassirou','TRAORE','$2a$10$p847g9AkUFuSbYDy8.XeQeUTWMQBMqps82JOmYtPZb.as6rKKNSSi',NULL,2008,NULL,148,NULL,NULL,NULL),
	(149,'2013-06-29 02:41:14',NULL,00000001,'2008-10-01 02:00:00',00000001,'MADAME',NULL,'hawa.traore2008@cpd-mali.com','Hawa','TRAORE','$2a$10$p847g9AkUFuSbYDy8.XeQeUTWMQBMqps82JOmYtPZb.as6rKKNSSi',NULL,2008,NULL,149,NULL,NULL,NULL),
	(150,'2013-06-29 02:41:14',NULL,00000001,'2008-10-01 02:00:00',00000001,'MONSIEUR',NULL,'mohamed-dit-mady.traore2008@cpd-mali.com','Mohamed dit Mady','TRAORE','$2a$10$p847g9AkUFuSbYDy8.XeQeUTWMQBMqps82JOmYtPZb.as6rKKNSSi',NULL,2008,NULL,150,NULL,NULL,NULL),
	(151,'2013-06-29 02:41:14','2013-09-13 23:47:09',00000001,'2009-10-01 00:00:00',00000001,'MONSIEUR',NULL,'issa.camara2009@cpd-mali.com','Issa','CAMARA','$2a$10$p847g9AkUFuSbYDy8.XeQeUTWMQBMqps82JOmYtPZb.as6rKKNSSi',NULL,2009,144,151,2,NULL,NULL),
	(152,'2013-06-29 02:41:14',NULL,00000001,'2009-10-01 02:00:00',00000001,'MONSIEUR',NULL,'cheick-oumar.dembele2009@cpd-mali.com','Cheick Oumar','DEMBELE','$2a$10$p847g9AkUFuSbYDy8.XeQeUTWMQBMqps82JOmYtPZb.as6rKKNSSi',NULL,2009,NULL,152,NULL,NULL,NULL),
	(153,'2013-06-29 02:41:14',NULL,00000001,'2009-10-01 02:00:00',00000001,'MONSIEUR',NULL,'mahamadou.doumbia2009@cpd-mali.com','Mahamadou','DOUMBIA','$2a$10$p847g9AkUFuSbYDy8.XeQeUTWMQBMqps82JOmYtPZb.as6rKKNSSi',NULL,2009,NULL,153,NULL,NULL,NULL),
	(154,'2013-06-29 02:41:14',NULL,00000001,'2009-10-01 02:00:00',00000001,'MADAME',NULL,'djeneba.doumbia2009@cpd-mali.com','Djénèba','DOUMBIA','$2a$10$p847g9AkUFuSbYDy8.XeQeUTWMQBMqps82JOmYtPZb.as6rKKNSSi',NULL,2009,NULL,154,NULL,NULL,NULL),
	(155,'2013-06-29 02:41:14',NULL,00000001,'2009-10-01 02:00:00',00000001,'MONSIEUR',NULL,'salifou.fofana2009@cpd-mali.com','Salifou','FOFANA','$2a$10$p847g9AkUFuSbYDy8.XeQeUTWMQBMqps82JOmYtPZb.as6rKKNSSi',NULL,2009,NULL,155,NULL,NULL,NULL),
	(156,'2013-06-29 02:41:14',NULL,00000001,'2009-10-01 02:00:00',00000001,'MADAME',NULL,'fatoumata.nanakasse2009@cpd-mali.com','Fatoumata','NANAKASSE','$2a$10$p847g9AkUFuSbYDy8.XeQeUTWMQBMqps82JOmYtPZb.as6rKKNSSi',NULL,2009,NULL,156,NULL,NULL,NULL),
	(157,'2013-06-29 02:41:14',NULL,00000001,'2009-10-01 02:00:00',00000001,'MONSIEUR',NULL,'moussa-lansana.traore2009@cpd-mali.com','Moussa Lansana','TRAORE','$2a$10$p847g9AkUFuSbYDy8.XeQeUTWMQBMqps82JOmYtPZb.as6rKKNSSi',NULL,2009,NULL,157,NULL,NULL,NULL),
	(158,'2013-06-29 02:41:14',NULL,00000001,'2009-10-01 02:00:00',00000001,'MONSIEUR',NULL,'amadou-marc.sidibe2009@cpd-mali.com','Amadou Marc','SIDIBE','$2a$10$p847g9AkUFuSbYDy8.XeQeUTWMQBMqps82JOmYtPZb.as6rKKNSSi',NULL,2009,NULL,158,NULL,NULL,NULL),
	(159,'2013-06-29 02:41:14',NULL,00000001,'2009-10-01 02:00:00',00000001,'MONSIEUR',NULL,'youbba-ould.salem2009@cpd-mali.com','Youbba Ould','SALEM','$2a$10$p847g9AkUFuSbYDy8.XeQeUTWMQBMqps82JOmYtPZb.as6rKKNSSi',NULL,2009,NULL,159,NULL,NULL,NULL),
	(160,'2013-06-29 02:41:14',NULL,00000001,'2009-10-01 02:00:00',00000001,'MONSIEUR',NULL,'mahamar.dicko2009@cpd-mali.com','Mahamar','DICKO','$2a$10$p847g9AkUFuSbYDy8.XeQeUTWMQBMqps82JOmYtPZb.as6rKKNSSi',NULL,2009,NULL,160,NULL,NULL,NULL),
	(161,'2013-06-29 02:41:14',NULL,00000001,'2009-10-01 02:00:00',00000001,'MONSIEUR',NULL,'abdoulaye.samake2009@cpd-mali.com','Abdoulaye','SAMAKE','$2a$10$p847g9AkUFuSbYDy8.XeQeUTWMQBMqps82JOmYtPZb.as6rKKNSSi',NULL,2009,NULL,161,NULL,NULL,NULL),
	(162,'2013-06-29 02:41:14',NULL,00000001,'2009-10-01 02:00:00',00000001,'MONSIEUR',NULL,'kole.keita2009@cpd-mali.com','Kole','KEITA','$2a$10$p847g9AkUFuSbYDy8.XeQeUTWMQBMqps82JOmYtPZb.as6rKKNSSi',NULL,2009,NULL,162,NULL,NULL,NULL),
	(163,'2013-06-29 02:41:14',NULL,00000001,'2009-10-01 02:00:00',00000001,'MADAME',NULL,'alimata.diarra2009@cpd-mali.com','Alimata','DIARRA','$2a$10$p847g9AkUFuSbYDy8.XeQeUTWMQBMqps82JOmYtPZb.as6rKKNSSi',NULL,2009,NULL,163,NULL,NULL,NULL),
	(164,'2013-06-29 02:41:14',NULL,00000001,'2010-10-01 02:00:00',00000001,'MADAME',NULL,'mariam.konate2010@cpd-mali.com','Mariam','KONATÉ','$2a$10$p847g9AkUFuSbYDy8.XeQeUTWMQBMqps82JOmYtPZb.as6rKKNSSi',NULL,2010,NULL,164,NULL,NULL,NULL),
	(165,'2013-06-29 02:41:14',NULL,00000001,'2010-10-01 02:00:00',00000001,'MADAME',NULL,'mariam.thiam2010@cpd-mali.com','Mariam','THIAM','$2a$10$p847g9AkUFuSbYDy8.XeQeUTWMQBMqps82JOmYtPZb.as6rKKNSSi',NULL,2010,NULL,165,NULL,NULL,NULL),
	(166,'2013-06-29 02:41:14',NULL,00000001,'2010-10-01 02:00:00',00000001,'MADAME',NULL,'kadidia.toure2010@cpd-mali.com','Kadidia','TOURÉ','$2a$10$p847g9AkUFuSbYDy8.XeQeUTWMQBMqps82JOmYtPZb.as6rKKNSSi',NULL,2010,NULL,166,NULL,NULL,NULL),
	(167,'2013-06-29 02:41:14',NULL,00000001,'2010-10-01 02:00:00',00000001,'MADAME',NULL,'barakissa.sow2010@cpd-mali.com','Barakissa','SOW','$2a$10$p847g9AkUFuSbYDy8.XeQeUTWMQBMqps82JOmYtPZb.as6rKKNSSi',NULL,2010,NULL,167,NULL,NULL,NULL),
	(168,'2013-06-29 02:41:14',NULL,00000001,'2010-10-01 02:00:00',00000001,'MONSIEUR',NULL,'souleymane.kane2010@cpd-mali.com','Souleymane','KANÉ','$2a$10$p847g9AkUFuSbYDy8.XeQeUTWMQBMqps82JOmYtPZb.as6rKKNSSi',NULL,2010,NULL,168,NULL,NULL,NULL),
	(169,'2013-06-29 02:41:14',NULL,00000001,'2010-10-01 02:00:00',00000001,'MONSIEUR',NULL,'abraham.traore2010@cpd-mali.com','Abraham','TRAORÉ','$2a$10$p847g9AkUFuSbYDy8.XeQeUTWMQBMqps82JOmYtPZb.as6rKKNSSi',NULL,2010,NULL,169,NULL,NULL,NULL),
	(170,'2013-06-29 02:41:14',NULL,00000001,'2010-10-01 02:00:00',00000001,'MONSIEUR',NULL,'souleymane.kante2010@cpd-mali.com','Souleymane','KANTÉ','$2a$10$p847g9AkUFuSbYDy8.XeQeUTWMQBMqps82JOmYtPZb.as6rKKNSSi',NULL,2010,NULL,170,NULL,NULL,NULL),
	(171,'2013-06-29 02:41:14',NULL,00000001,'2010-10-01 02:00:00',00000001,'MONSIEUR',NULL,'paul.dembele2010@cpd-mali.com','Paul','DEMBÉLÉ','$2a$10$p847g9AkUFuSbYDy8.XeQeUTWMQBMqps82JOmYtPZb.as6rKKNSSi',NULL,2010,NULL,171,NULL,NULL,NULL),
	(172,'2013-06-29 02:41:14',NULL,00000001,'2010-10-01 02:00:00',00000001,'MONSIEUR',NULL,'diegui.drame2010@cpd-mali.com','Diégui','DRAMÉ','$2a$10$p847g9AkUFuSbYDy8.XeQeUTWMQBMqps82JOmYtPZb.as6rKKNSSi',NULL,2010,NULL,172,NULL,NULL,NULL),
	(173,'2013-06-29 02:41:14',NULL,00000001,'2010-10-01 02:00:00',00000001,'MONSIEUR',NULL,'salia.tangara2010@cpd-mali.com','Salia','TANGARA','$2a$10$p847g9AkUFuSbYDy8.XeQeUTWMQBMqps82JOmYtPZb.as6rKKNSSi',NULL,2010,NULL,173,NULL,NULL,NULL),
	(174,'2013-06-29 02:41:14',NULL,00000001,'2010-10-01 02:00:00',00000001,'MONSIEUR',NULL,'bambo-adama.camara2010@cpd-mali.com','Bambo Adama','CAMARA','$2a$10$p847g9AkUFuSbYDy8.XeQeUTWMQBMqps82JOmYtPZb.as6rKKNSSi',NULL,2010,NULL,174,NULL,NULL,NULL),
	(175,'2013-06-29 02:41:14',NULL,00000001,'2010-10-01 02:00:00',00000001,'MONSIEUR',NULL,'mohamed.tigana2010@cpd-mali.com','Mohamed','TIGANA','$2a$10$p847g9AkUFuSbYDy8.XeQeUTWMQBMqps82JOmYtPZb.as6rKKNSSi',NULL,2010,NULL,175,NULL,NULL,NULL),
	(176,'2013-06-29 02:41:14',NULL,00000001,'2010-10-01 02:00:00',00000001,'MONSIEUR',NULL,'adama.bagayogo2010@cpd-mali.com','Adama','BAGAYOGO','$2a$10$p847g9AkUFuSbYDy8.XeQeUTWMQBMqps82JOmYtPZb.as6rKKNSSi',NULL,2010,NULL,176,NULL,NULL,NULL),
	(177,'2013-06-29 02:41:14',NULL,00000001,'2011-10-01 02:00:00',00000001,'MADAME',NULL,'mariam.barry2011@cpd-mali.com','Mariam','BARRY','$2a$10$p847g9AkUFuSbYDy8.XeQeUTWMQBMqps82JOmYtPZb.as6rKKNSSi',NULL,2011,NULL,177,NULL,NULL,NULL),
	(178,'2013-06-29 02:41:15',NULL,00000001,'2011-10-01 02:00:00',00000001,'MONSIEUR',NULL,'amadou.coulibaly2011@cpd-mali.com','Amadou','COULIBALY','$2a$10$p847g9AkUFuSbYDy8.XeQeUTWMQBMqps82JOmYtPZb.as6rKKNSSi',NULL,2011,NULL,178,NULL,NULL,NULL),
	(179,'2013-06-29 02:41:15',NULL,00000001,'2011-10-01 02:00:00',00000001,'MONSIEUR',NULL,'mazowa-soumaila.traore2011@cpd-mali.com','Mazowa Soumaila','TRAORE','$2a$10$p847g9AkUFuSbYDy8.XeQeUTWMQBMqps82JOmYtPZb.as6rKKNSSi',NULL,2011,NULL,179,NULL,NULL,NULL),
	(180,'2013-06-29 02:41:15',NULL,00000001,'2011-10-01 02:00:00',00000001,'MADAME',NULL,'pehan-bayetoulaye.thera2011@cpd-mali.com','Pehan Bayetoulaye','THERA','$2a$10$p847g9AkUFuSbYDy8.XeQeUTWMQBMqps82JOmYtPZb.as6rKKNSSi',NULL,2011,NULL,180,NULL,NULL,NULL),
	(181,'2013-06-29 02:41:15',NULL,00000001,'2011-10-01 02:00:00',00000001,'MONSIEUR',NULL,'abdouramane.camara2011@cpd-mali.com','Abdouramane','CAMARA','$2a$10$p847g9AkUFuSbYDy8.XeQeUTWMQBMqps82JOmYtPZb.as6rKKNSSi',NULL,2011,NULL,181,NULL,NULL,NULL),
	(182,'2013-06-29 02:41:15',NULL,00000001,'2011-10-01 02:00:00',00000001,'MONSIEUR',NULL,'modibo.diabate2011@cpd-mali.com','Modibo','DIABATE','$2a$10$p847g9AkUFuSbYDy8.XeQeUTWMQBMqps82JOmYtPZb.as6rKKNSSi',NULL,2011,NULL,182,NULL,NULL,NULL),
	(183,'2013-06-29 02:41:15',NULL,00000001,'2011-10-01 02:00:00',00000001,'MADAME',NULL,'tema.toure2011@cpd-mali.com','Tema','TOURE','$2a$10$p847g9AkUFuSbYDy8.XeQeUTWMQBMqps82JOmYtPZb.as6rKKNSSi',NULL,2011,NULL,183,NULL,NULL,NULL),
	(184,'2013-06-29 02:41:15',NULL,00000001,'2011-10-01 02:00:00',00000001,'MONSIEUR',NULL,'sadio-alima.koite2011@cpd-mali.com','Sadio Alima','KOITE','$2a$10$p847g9AkUFuSbYDy8.XeQeUTWMQBMqps82JOmYtPZb.as6rKKNSSi',NULL,2011,NULL,184,NULL,NULL,NULL),
	(185,'2013-06-29 02:41:15',NULL,00000001,'2011-10-01 02:00:00',00000001,'MONSIEUR',NULL,'amara-karouga.keita2011@cpd-mali.com','Amara Karouga','KEITA','$2a$10$p847g9AkUFuSbYDy8.XeQeUTWMQBMqps82JOmYtPZb.as6rKKNSSi',NULL,2011,NULL,185,NULL,NULL,NULL),
	(186,'2013-06-29 02:41:15',NULL,00000001,'2011-10-01 02:00:00',00000001,'MONSIEUR',NULL,'abdoulaye.samake2011@cpd-mali.com','Abdoulaye','SAMAKE','$2a$10$p847g9AkUFuSbYDy8.XeQeUTWMQBMqps82JOmYtPZb.as6rKKNSSi',NULL,2011,NULL,186,NULL,NULL,NULL),
	(187,'2013-06-29 02:41:15',NULL,00000001,'2012-10-01 02:00:00',00000001,'MONSIEUR',NULL,'seydou-mohamed.dem-2012@cpd-mali.com','Seydou Mohamed','DEM','$2a$10$p847g9AkUFuSbYDy8.XeQeUTWMQBMqps82JOmYtPZb.as6rKKNSSi',NULL,2012,NULL,187,NULL,NULL,NULL),
	(188,'2013-06-29 02:41:15',NULL,00000001,'2012-10-01 02:00:00',00000001,'MONSIEUR',NULL,'cheick-mamadou.kante2012@cpd-mali.com','Cheick Mamadou','KANTE','$2a$10$p847g9AkUFuSbYDy8.XeQeUTWMQBMqps82JOmYtPZb.as6rKKNSSi',NULL,2012,NULL,188,NULL,NULL,NULL),
	(189,'2013-06-29 02:41:15',NULL,00000001,'2012-10-01 02:00:00',00000001,'MONSIEUR',NULL,'ibrahim.cisse2012@cpd-mali.com','Ibrahim','CISSE','$2a$10$p847g9AkUFuSbYDy8.XeQeUTWMQBMqps82JOmYtPZb.as6rKKNSSi',NULL,2012,NULL,189,NULL,NULL,NULL),
	(190,'2013-06-29 02:41:15',NULL,00000001,'2012-10-01 02:00:00',00000001,'MONSIEUR',NULL,'adama.diourte2012@cpd-mali.com','Adama','DIOURTE','$2a$10$p847g9AkUFuSbYDy8.XeQeUTWMQBMqps82JOmYtPZb.as6rKKNSSi',NULL,2012,NULL,190,NULL,NULL,NULL),
	(191,'2013-06-29 02:41:15',NULL,00000001,'2012-10-01 02:00:00',00000001,'MONSIEUR',NULL,'mady.dembele2012@cpd-mali.com','Mady','DEMBELE','$2a$10$p847g9AkUFuSbYDy8.XeQeUTWMQBMqps82JOmYtPZb.as6rKKNSSi',NULL,2012,NULL,191,NULL,NULL,NULL),
	(192,'2013-09-09 23:22:25','2013-09-09 23:22:26',00000001,'2013-09-10 00:00:00',00000001,'MONSIEUR','aec04a35-3636-4415-b7c6-189354d16ba6','cheickm.sissoko@gmail.com','Cheick','SISSOKO','$2a$10$yURFExhcQhh8RuWaExASRulybtBC.aEdJZlqkSLoBTb52dsla/I2W',NULL,5,NULL,192,5,NULL,NULL),
	(193,'2013-09-12 18:14:04','2013-09-12 18:14:04',00000001,'1989-04-24 00:00:00',00000001,'MONSIEUR','4557e2e2-57c8-45aa-a6e0-8b5cf5ff2632','testelay@gmail.com','Elay','Maiga','$2a$10$G4Q9Xs5Ufww.hT44/xrt4.yGF/rycB37EsRVDg0sg.AlZDg4vKBUq',NULL,2007,NULL,193,2,NULL,NULL),
	(194,'2013-09-12 21:22:08','2013-09-12 21:22:08',00000001,'2013-09-04 00:00:00',00000000,'MONSIEUR','34bccf96-3238-4ced-a4a9-cf84af91b019','test@test.com','cheick','tisokjf','$2a$10$md74Tx/szLizwnEHYEtkg.B/FA.CY7VWLpOY/HCeDHSFXsTd/Nv.a',NULL,NULL,NULL,194,NULL,NULL,NULL),
	(196,'2013-09-13 02:53:14','2013-09-13 02:53:14',00000001,'1990-12-22 00:00:00',00000000,'MONSIEUR','7ed16db3-671e-463e-9fcc-e59d065ac33c','teste@cpd-mali.com','Test','Test','$2a$10$5dmQ8Mq1Vyd.wRDMQ5n68ef3wgzCMrKRcWEYqm4IaAMLioZoStl/.',NULL,NULL,NULL,196,NULL,NULL,NULL),
	(197,'2013-09-13 15:28:01','2013-09-13 15:45:53',00000001,'1985-07-17 00:00:00',00000001,'MONSIEUR',NULL,'ousmane.sissoko@cpd-mali.com','Ousmane','Sissoko','$2a$10$0vRwLsfrShRIl157AP9FUex7851m404fenfIBVZnPWu1Mg/H5CwDK',NULL,1999,NULL,197,1,NULL,NULL),
	(198,'2013-09-13 15:54:38','2013-09-13 15:55:53',00000001,'1990-07-25 00:00:00',00000000,'MADAME',NULL,'baby@cpd-mali.com','Baby','Babylon','$2a$10$L2udyrrMRDuSAJubuhjKvuBXVtF7oi4PSkTl8UG5WbVKKVntu9j8S',NULL,NULL,NULL,198,NULL,NULL,NULL);

/*!40000 ALTER TABLE `T_USERS` ENABLE KEYS */;
UNLOCK TABLES;


# Affichage de la table T_VISIBILITIES
# ------------------------------------------------------------

DROP TABLE IF EXISTS `T_VISIBILITIES`;

CREATE TABLE `T_VISIBILITIES` (
  `id` bigint(20) NOT NULL AUTO_INCREMENT,
  `CREATED` datetime DEFAULT NULL,
  `MODIFIED` datetime DEFAULT NULL,
  `CODE` varchar(255) NOT NULL,
  `modifier_id` bigint(20) DEFAULT NULL,
  PRIMARY KEY (`id`),
  UNIQUE KEY `CODE` (`CODE`),
  KEY `FK892E313BF3D50C72` (`modifier_id`),
  CONSTRAINT `FK892E313BF3D50C72` FOREIGN KEY (`modifier_id`) REFERENCES `T_USERS` (`id`)
) ENGINE=InnoDB DEFAULT CHARSET=utf8;



# Affichage de la table T_VOTES
# ------------------------------------------------------------

DROP TABLE IF EXISTS `T_VOTES`;

CREATE TABLE `T_VOTES` (
  `id` bigint(20) NOT NULL AUTO_INCREMENT,
  `CREATED` datetime DEFAULT NULL,
  `MODIFIED` datetime DEFAULT NULL,
  `modifier_id` bigint(20) DEFAULT NULL,
  `candidature_id` bigint(20) DEFAULT NULL,
  `elector_id` bigint(20) DEFAULT NULL,
  PRIMARY KEY (`id`),
  KEY `FK288E6FE2CB51AE2` (`candidature_id`),
  KEY `FK288E6FE7AD4D1B7` (`elector_id`),
  KEY `FK288E6FEF3D50C72` (`modifier_id`),
  CONSTRAINT `FK288E6FE2CB51AE2` FOREIGN KEY (`candidature_id`) REFERENCES `T_CANDIDATURES` (`id`),
  CONSTRAINT `FK288E6FE7AD4D1B7` FOREIGN KEY (`elector_id`) REFERENCES `T_USERS` (`id`),
  CONSTRAINT `FK288E6FEF3D50C72` FOREIGN KEY (`modifier_id`) REFERENCES `T_USERS` (`id`)
) ENGINE=InnoDB DEFAULT CHARSET=utf8;

LOCK TABLES `T_VOTES` WRITE;
/*!40000 ALTER TABLE `T_VOTES` DISABLE KEYS */;

INSERT INTO `T_VOTES` (`id`, `CREATED`, `MODIFIED`, `modifier_id`, `candidature_id`, `elector_id`)
VALUES
	(1,'2013-09-14 00:00:55','2013-09-14 00:00:55',121,13,121),
	(2,'2013-09-14 00:00:59','2013-09-14 00:00:59',123,13,123),
	(3,'2013-09-14 00:01:01','2013-09-14 00:01:01',121,15,121),
	(4,'2013-09-14 00:01:06','2013-09-14 00:01:06',121,16,121),
	(6,'2013-09-14 00:01:25','2013-09-14 00:01:25',123,12,123),
	(7,'2013-09-14 00:01:29','2013-09-14 00:01:29',121,14,121),
	(12,'2013-09-14 00:03:21','2013-09-14 00:03:21',144,7,144),
	(13,'2013-09-14 00:03:57','2013-09-14 00:03:57',144,8,144),
	(14,'2013-09-14 00:04:05','2013-09-14 00:04:05',121,7,121),
	(15,'2013-09-14 00:04:11','2013-09-14 00:04:11',121,11,121);

/*!40000 ALTER TABLE `T_VOTES` ENABLE KEYS */;
UNLOCK TABLES;



/*!40111 SET SQL_NOTES=@OLD_SQL_NOTES */;
/*!40101 SET SQL_MODE=@OLD_SQL_MODE */;
/*!40014 SET FOREIGN_KEY_CHECKS=@OLD_FOREIGN_KEY_CHECKS */;
/*!40101 SET CHARACTER_SET_CLIENT=@OLD_CHARACTER_SET_CLIENT */;
/*!40101 SET CHARACTER_SET_RESULTS=@OLD_CHARACTER_SET_RESULTS */;
/*!40101 SET COLLATION_CONNECTION=@OLD_COLLATION_CONNECTION */;
